"ea_id","lat_modified","lon_modified","FS_year","FS_month"
10101016,-9.80998039245605,33.3872985839844,2010,4
10101016,-9.80998,33.3873,2013,4
10101204,-9.89498043060303,33.3810005187988,2010,8
10101204,-9.686266,33.239743,2013,5
10101204,-9.89498,33.381,2013,5
10101204,-11.44154,34.036984,2013,6
10101215,-9.50446033477783,33.2302017211914,2010,5
10101215,-9.50446,33.2302,2013,5
10101215,-9.967245,33.908173,2013,9
10101215,-9.688123,33.282754,2013,5
10101219,-9.5946102142334,33.4040985107422,2011,2
10101355,-9.73456954956055,33.4071998596191,2011,1
10101374,-9.58701992034912,33.2181015014648,2010,10
10101470,-9.66271018981934,33.2523994445801,2010,6
10101562,-9.66792011260986,33.3936996459961,2010,10
10101562,-9.66792,33.3937,2013,7
10101562,-13.633598,33.946516,2013,11
10101562,-9.52838,33.21675,2013,7
10101562,-9.758098,33.352994,2013,7
10101562,-13.994993,33.814167,2013,8
10101562,-9.728369,33.371926,2013,7
10101568,-9.73770999908447,33.260799407959,2010,11
10101706,-9.53645992279053,33.3866004943848,2010,11
10102004,-9.74822998046875,33.5035018920898,2010,5
10102004,-9.74823,33.5035,2013,5
10102004,-9.95901314299,33.8785372554,2013,5
10102004,-9.89937591331,33.5937586129,2013,5
10102004,-9.7798932003,33.3959337965,2013,5
10102379,-9.5815896987915,33.5918998718262,2010,11
10102621,-9.71323013305664,33.4519996643066,2011,2
10103414,-9.97159957885742,33.3739013671875,2010,9
10103414,-9.9716,33.3739,2013,6
10103452,-10.0370998382568,33.4541015625,2010,11
10103452,-10.0370998382568,33.4541015625,2010,12
10103681,-10.2009000778198,33.5987014770508,2011,3
10104150,-10.1988000869751,33.663501739502,2010,7
10104150,-10.1988,33.6635,2013,7
10104150,-10.259059,33.701109,2013,7
10104150,-11.43912,34.018784,2013,8
10104150,-15.841992,35.069496,2013,8
10104351,-10.2587995529175,33.6116981506348,2010,12
10104440,-10.4098997116089,33.6377983093262,2010,7
10105352,-9.59447956085205,33.0885009765625,2010,11
10105511,-9.40349006652832,32.9793014526367,2011,1
10105513,-9.5072603225708,33.1186981201172,2010,4
10105513,-9.5072603225708,33.1186981201172,2010,3
10120286,-9.70903015136719,33.2831993103027,2011,1
10120288,-9.69013023376465,33.2899017333984,2010,9
10201137,-9.76809978485107,33.8950996398926,2010,6
10201137,-9.76809978485107,33.8950996398926,2010,5
10201210,-9.78425025939941,33.8302001953125,2011,3
10201247,-9.79563999176025,33.8455009460449,2010,10
10201442,-9.71230030059814,33.9271011352539,2010,10
10201688,-9.84482955932617,33.8736991882324,2010,10
10201688,-9.84483,33.8737,2013,7
10201688,-11.015175,33.864554,2013,10
10201688,-11.453571,34.003228,2013,10
10201688,-13.657176,33.955696,2013,7
10201688,-9.760892,33.881145,2013,7
10201688,-10.449073,34.212309,2013,7
10201688,-9.940209,33.920756,2013,7
10202195,-9.6637601852417,33.6730003356934,2011,1
10202514,-9.6814603805542,33.8498001098633,2010,4
10202514,-9.61827,33.800714,2013,4
10202514,-9.68146,33.8498,2013,4
10202514,-9.944616,33.909064,2013,4
10203013,-10.0022001266479,33.6684989929199,2010,4
10203085,-9.91359996795654,33.9174003601074,2010,11
10203176,-9.87304973602295,33.6206016540527,2010,8
10203176,-9.87304973602295,33.6206016540527,2010,4
10203176,-9.87305,33.6206,2013,5
10203176,-9.891859,33.854987,2013,5
10203176,-9.706174,33.345283,2013,5
10203176,-9.929575,33.92164,2013,5
10203176,-9.87305,33.6206,2013,7
10203221,-9.93924045562744,33.8608016967773,2011,2
10203623,-10.170000076294,33.8033981323242,2010,11
10203744,-10.0404996871948,33.9086990356445,2010,9
10203744,-10.0404996871948,33.9086990356445,2010,8
10203744,-10.0405,33.9087,2013,6
10203744,-11.441007,34.016095,2013,6
10203744,-10.055309,33.982838,2013,6
10203744,-10.424955,34.190593,2013,6
10203744,-10.344512,34.17316,2013,6
10204101,-10.447099685669,34.2148017883301,2011,1
10204322,-10.4462003707886,34.1193008422852,2010,10
10204322,-10.4462,34.1193,2013,7
10204322,-10.176859,34.037412,2013,7
10204322,-10.30634,34.139264,2013,7
10204322,-9.910549,33.907101,2013,7
10204322,-10.457141,34.178137,2013,6
10204453,-10.357500076294,34.1277008056641,2011,3
10204586,-10.4162998199463,34.2318000793457,2010,6
10204586,-10.4163,34.2318,2013,6
10204586,-10.358864,34.188385,2013,6
10204586,-11.01108,33.853183,2013,7
10204586,-11.910786,33.593205,2013,7
10204586,-14.677371,34.525871,2013,7
10204586,-9.95121,33.927254,2013,6
10204723,-10.556300163269,34.1873016357422,2010,7
10205202,-10.2562999725342,34.1190986633301,2010,3
10205507,-10.3122997283936,34.0707015991211,2010,10
10220027,-9.93589973449707,33.9151992797852,2011,2
10220103,-9.9753999710083,33.9259986877441,2010,9
10220103,-9.9754,33.926,2013,6
10220103,-10.380389,34.09918,2013,6
10220103,-9.9754,33.926,2013,9
10220103,-9.82693,33.872847,2013,6
10220521,-9.94851970672607,33.8963012695312,2010,8
10220705,-9.9312801361084,33.9323997497559,2010,4
10220705,-9.9312801361084,33.9323997497559,2010,5
10220705,-9.93128,33.9324,2013,5
10220705,-12.649869,33.371411,2013,7
10301026,-11.6552000045776,33.761100769043,2011,3
10301306,-11.4949998855591,33.9723014831543,2011,1
10301347,-11.7131004333496,33.937801361084,2010,10
10301663,-11.6477003097534,34.125,2010,5
10301663,-11.6477,34.125,2013,6
10301663,-16.091168,35.43689,2013,8
10301663,-11.603104,34.098845,2013,6
10301663,-11.760403,34.114699,2013,6
10301663,-11.697975,34.088209,2013,6
10301663,-12.217905,34.002893,2013,7
10301741,-11.6375999450684,34.0964012145996,2010,11
10302010,-11.96399974823,34.0768013000488,2010,6
10302010,-11.964,34.0768,2013,7
10302010,-12.029085,34.00436,2013,7
10303454,-11.8910999298096,34.111499786377,2010,12
10304012,-11.836199760437,34.1621017456055,2010,3
10304012,-11.8362,34.1621,2013,4
10304012,-12.811286,33.411906,2013,10
10304012,-12.153704,34.026215,2013,4
10304012,-13.020244,33.471285,2013,5
10304012,-11.24644,33.84823,2013,5
10304012,-11.04156,33.934913,2013,5
10304012,-12.570924,34.093479,2013,7
10304012,-14.015745,33.778069,2013,6
10304012,-16.038367,35.025675,2013,9
10304012,-11.770927,34.238017,2013,4
10304360,-11.8374004364014,34.1483001708984,2011,1
10304625,-11.7659997940063,34.1557998657227,2010,10
10305446,-12.1525001525879,34.0251007080078,2010,8
10305446,-12.1525,34.0251,2013,5
10305446,-14.084124,34.821974,2013,7
10306417,-11.6674995422363,34.2550010681152,2011,1
10306431,-11.6583003997803,34.3036003112793,2010,11
10307413,-11.7643003463745,34.1954002380371,2010,5
10307413,-11.7643,34.1954,2013,7
10307413,-11.678393,34.243587,2013,7
10307413,-13.870355,33.748947,2013,9
10307413,-11.729789,34.301031,2013,7
10308129,-11.657600402832,34.2490005493164,2010,12
10308636,-11.5363998413086,34.2779998779297,2010,9
10308636,-11.5364,34.278,2013,6
10308636,-11.52147,34.200863,2013,6
10309273,-11.2735996246338,34.1397018432617,2011,3
10309281,-11.305700302124,34.192699432373,2010,11
10310469,-11.3823003768921,34.0550994873047,2010,6
10312048,-11.5334997177124,34.128101348877,2010,7
10312078,-11.6051998138428,34.2014999389648,2011,1
10312187,-11.472900390625,34.1657981872559,2010,11
10312600,-11.6218996047974,34.1769981384277,2010,3
10320227,-11.6153001785278,34.288200378418,2010,11
10401140,-10.9995002746582,33.7092018127441,2010,8
10401140,-10.9995,33.7092,2013,5
10401140,-14.131458,34.152879,2013,6
10401140,-10.991591,33.921646,2013,6
10401140,-15.331578,34.935594,2013,11
10401140,-15.810942,34.992806,2013,9
10401140,-13.672113,32.818255,2013,9
10401140,-10.240934,33.569214,2013,7
10401140,-10.912307,33.67697,2013,5
10401140,-11.117955,33.718737,2013,7
10401140,-14.212005,33.807109,2013,9
10401140,-11.001253,33.888657,2013,5
10401140,-11.4378,34.00773,2013,9
10401212,-10.862099647522,33.7639007568359,2010,9
10401424,-11.0164003372192,33.7354011535645,2010,10
10401502,-10.9368000030518,33.9123992919922,2010,4
10401502,-10.9368,33.9124,2013,5
10401502,-11.439218,34.019523,2013,6
10401502,-14.702081,35.661752,2013,6
10401502,-14.495291,35.269663,2013,9
10401522,-11.0516996383667,33.6870994567871,2010,9
10401522,-11.0517,33.6871,2013,7
10401522,-9.705853,33.289144,2013,8
10401522,-11.197652,33.873758,2013,7
10401522,-11.110604,33.677894,2013,7
10401522,-16.123843,35.341688,2013,8
10401522,-10.481416,34.18526,2013,11
10401522,-15.650003,35.546817,2013,9
10401522,-15.544869,35.381006,2013,10
10401541,-10.9731998443603,33.6501007080078,2011,3
10401604,-10.9492998123169,33.55419921875,2010,6
10401635,-10.9764995574951,33.7962989807129,2011,1
10401742,-10.9075002670288,33.6501007080078,2010,11
10402537,-10.7908000946045,34.1952018737793,2010,11
10403332,-10.9069995880127,33.9705009460449,2010,5
10403488,-10.8442001342773,34.0348014831543,2011,2
10404186,-10.6386995315552,34.1823997497559,2010,9
10404186,-10.6387,34.1824,2013,6
10404186,-10.16112,33.998054,2013,6
10404186,-10.734451,34.168061,2013,10
10404186,-10.786366,34.064585,2013,7
10404186,-10.550007,34.18714,2013,6
10404707,-10.7149000167847,34.1180992126465,2010,12
10405213,-10.6794004440308,34.0774993896484,2010,6
10405213,-10.6794004440308,34.0774993896484,2010,7
10405213,-9.932468,33.927202,2013,7
10405213,-10.6794,34.0775,2013,7
10405213,-11.231233,33.985359,2013,7
10405213,-10.95703,33.96655,2013,7
10405213,-10.744606,34.021889,2013,7
10405213,-10.621267,34.063226,2013,7
10405213,-11.453363,34.003727,2013,8
10405404,-10.6082000732422,34.1108016967773,2011,3
10407068,-11.0241003036499,34.0392990112305,2011,1
10407194,-10.9601001739502,34.0000991821289,2010,7
10407628,-10.9278001785278,34.0750007629395,2011,1
10408441,-10.8036003112793,33.5424995422363,2010,4
10409468,-10.8626003265381,33.5009002685547,2010,10
10420001,-11.0222997665405,33.8824996948242,2010,9
10420035,-11.0195999145508,33.8438987731934,2010,5
10420080,-11.0249996185303,33.8452987670898,2011,2
10501055,-11.941499710083,33.4580993652344,2011,2
10501216,-11.8392000198364,33.3823013305664,2010,11
10501505,-12.211199760437,33.3270988464355,2010,9
10501505,-12.2112,33.3271,2013,5
10501505,-11.372857,33.829686,2013,6
10501505,-12.2112,33.3271,2013,7
10501505,-11.569623,33.553159,2013,6
10501709,-11.9792003631592,33.4991989135742,2010,4
10501709,-11.9792003631592,33.4991989135742,2010,5
10501709,-11.931914,33.506311,2013,6
10501709,-11.9792,33.4992,2013,6
10501709,-11.9792,33.4992,2013,5
10502043,-11.0909004211426,33.8821983337402,2010,12
10502268,-11.2849998474121,33.7784996032715,2010,6
10502268,-11.285,33.7785,2013,6
10502268,-11.68221,33.735172,2013,10
10502439,-11.5345001220703,33.6711006164551,2010,10
10502593,-11.3927001953125,33.6487998962402,2010,10
10502593,-11.3927,33.6488,2013,6
10502593,-11.910269,34.054166,2013,10
10502730,-11.1663999557495,33.780101776123,2011,3
10503211,-11.455400466919,33.7661018371582,2011,1
10503367,-11.870400428772,33.6791000366211,2010,3
10503367,-11.8704,33.6791,2013,4
10503367,-11.89259,33.648686,2013,4
10503367,-11.93973,33.634287,2013,5
10503367,-11.442662,33.981837,2013,6
10503367,-11.76853,33.668861,2013,4
10503367,-11.949769,33.580546,2013,4
10505136,-11.7313003540039,33.5341987609863,2010,5
10505136,-11.7313,33.5342,2013,6
10505136,-11.638044,34.274791,2013,7
10505151,-11.5846004486084,33.4720001220703,2011,2
10505231,-11.4441995620728,33.4104995727539,2010,11
10505310,-11.3125,33.4799003601074,2010,7
10505310,-11.3125,33.4799,2013,5
10505508,-11.7819004058838,33.5,2010,9
10505508,-11.7819,33.5,2013,6
10506127,-12.3555002212524,33.5508995056152,2011,3
10506548,-12.2002000808716,33.6539001464844,2010,11
10507175,-12.6591997146606,33.6304016113281,2010,10
10507175,-12.6592,33.6304,2013,7
10507175,-12.818767,33.64211,2013,8
10507175,-12.565321,33.713936,2013,7
10507175,-12.732695,33.656655,2013,7
10507344,-12.5305995941162,33.6026992797852,2010,7
10507344,-12.5306,33.6027,2013,7
10507344,-12.571618,33.47354,2013,11
10507344,-14.047196,33.339921,2013,9
10507344,-14.265127,34.423639,2013,10
10507344,-12.56589,33.511748,2013,8
10507344,-12.50051,33.62089,2013,7
10508369,-12.4919004440308,33.8322982788086,2010,10
10509319,-11.3432998657227,33.6194000244141,2010,3
10509319,-11.3433,33.6194,2013,4
10509319,-11.472121,34.021166,2013,6
10509319,-11.22598,33.888997,2013,5
10509474,-11.1618003845215,33.5984992980957,2011,1
10510388,-12.2419004440308,33.4715995788574,2010,7
10510388,-12.2419,33.4716,2013,5
10510388,-12.308132,33.562445,2013,7
10510388,-13.958295,33.819975,2013,6
10732047,-11.4061002731323,34.0105018615723,2011,1
10732070,-11.3894996643066,33.9794998168945,2010,9
10732192,-11.407600402832,33.9948997497559,2010,5
10732192,-11.4076,33.9949,2013,5
10732192,-10.3457009329,33.6856343249,2013,10
10732192,-11.895031,33.586788,2013,6
10732192,-11.4076,33.9949,2013,9
10732192,-13.962669,33.733803,2013,7
10732192,-13.767854,33.79593,2013,10
10732192,-11.4076,33.9949,2013,6
10732192,-11.349174,33.888682,2013,6
10733465,-11.4385004043579,34.0265998840332,2010,12
10733640,-11.4398002624512,34.0331001281738,2010,9
10733640,-11.4398,34.0331,2013,6
10733640,-11.949952,34.118023,2013,7
10733640,-13.95682,33.80948,2013,11
10733640,-15.393901,35.358411,2013,8
10733640,-14.002585,33.757231,2013,7
10733640,-14.0063887102,33.8258828387,2013,8
10733640,-11.412552,33.999917,2013,6
10733640,-11.399111,33.98785,2013,6
10733640,-15.503328,35.24788,2013,7
10733640,-13.853051,33.505175,2013,10
10733640,-14.502915,34.453509,2013,10
10733640,-15.812064,35.040732,2013,7
10733640,-13.873284,33.766807,2013,11
10734370,-11.4329996109009,34.0234985351562,2010,10
10734370,-11.433,34.0235,2013,7
10734370,-13.025148,33.515565,2013,10
10734370,-11.554856,34.222821,2013,9
10734370,-11.433,34.0235,2013,8
10734370,-16.103328,34.514921,2013,9
10734370,-9.955414,33.940836,2013,8
10734393,-11.440899848938,34.0103988647461,2011,3
10734407,-11.4597997665405,34.0182991027832,2010,10
10734762,-11.4274997711182,34.0279998779297,2010,7
10734762,-11.4275,34.028,2013,7
10734762,-11.4275,34.028,2013,8
10734762,-14.005413,33.838202,2013,11
10734762,-11.4275,34.028,2013,10
10735130,-11.4368000030518,34.0087013244629,2011,1
10735173,-11.4668998718262,34.0078010559082,2010,4
10735173,-11.4669,34.0078,2013,9
10735173,-11.4669,34.0078,2013,5
10735173,-11.421743,33.898372,2013,6
10735173,-11.229635,33.857466,2013,5
10735173,-11.551744,34.194054,2013,7
10735173,-11.534314,34.185254,2013,8
10735173,-9.663556,33.240057,2013,5
10735173,-11.4669,34.0078,2013,6
10735173,-9.84429,33.837671,2013,6
10736053,-11.4344997406006,34.0078010559082,2011,2
10736174,-11.4630002975464,34.002799987793,2010,11
10736377,-11.4364995956421,34.0029983520508,2010,4
10736466,-11.4471998214722,34.0018005371094,2010,11
10736596,-11.4555997848511,33.9884986877441,2010,8
10736596,-11.4556,33.9885,2013,5
10736596,-11.4556,33.9885,2013,8
10736596,-11.832859,33.67826,2013,7
10736596,-12.618467,34.172004,2013,7
10736596,-13.361084,33.581789,2013,7
10736596,-13.501476,33.867774,2013,7
10736596,-12.61559,34.159081,2013,7
10736596,-13.056942,33.492648,2013,9
10736596,-12.943309,34.284473,2013,7
10737199,-11.4821996688843,34.0013008117676,2010,12
10739309,-11.454400062561,34.0158004760742,2011,3
10741504,-11.4449996948242,34.0306015014648,2010,7
10741504,-11.445,34.0306,2013,7
10741504,-11.48572,33.993778,2013,7
10741504,-15.832219,35.012515,2013,8
10741504,-12.485778,34.148709,2013,10
10741504,-10.383056,34.20889,2013,9
10741504,-13.033783,33.499483,2013,8
10741504,-10.87504,33.451578,2013,10
10741504,-11.37689,33.887753,2013,10
10741504,-11.478144,33.999858,2013,7
10741504,-11.445,34.0306,2013,8
10744039,-11.4612998962402,34.0285987854004,2010,10
10744154,-11.4708995819092,34.0355987548828,2011,1
10744649,-11.4736003875732,34.0150985717773,2010,10
10744649,-11.4736,34.0151,2013,7
10744649,-12.024153,33.39528,2013,9
10744649,-14.307212,34.362734,2013,10
10744649,-11.409529,34.004437,2013,7
10744649,-11.909332,33.614972,2013,10
10744649,-15.599842,34.51495,2013,11
10744649,-9.705749,33.542253,2013,10
10746033,-11.4608001708984,33.9738998413086,2010,4
10746033,-11.4608,33.9739,2013,5
10746033,-11.73752,33.516527,2013,6
10746033,-11.4608,33.9739,2013,4
10746033,-12.352419,33.639329,2013,7
10746033,-11.347255,33.755875,2013,6
10746033,-11.879796,34.134054,2013,4
10746244,-11.4696998596191,33.9869003295898,2010,7
10746244,-11.4697,33.9869,2013,5
10746244,-14.177647,34.986985,2013,7
10746244,-16.07217,35.108012,2013,9
10746244,-11.4697,33.9869,2013,6
10746244,-11.41689,33.986358,2013,5
10746244,-11.83858,33.635161,2013,11
10746244,-11.946873,33.472675,2013,7
20101014,-12.5858001708984,33.4444999694824,2010,4
20101387,-12.4547996520996,33.5252990722656,2011,2
20102311,-12.731499671936,33.7024002075195,2010,11
20103365,-12.6721000671387,33.5395011901855,2010,10
20105073,-12.9041996002197,33.4281005859375,2011,3
20105181,-13.0993995666504,33.4589004516602,2010,6
20106042,-13.0738000869751,33.4720993041992,2010,9
20106042,-13.0738,33.4721,2013,6
20106042,-13.0738,33.4721,2013,10
20106042,-12.935889,33.336553,2013,7
20106042,-12.931131,34.30002,2013,6
20106042,-13.05323,33.272362,2013,7
20106042,-11.257235,33.430646,2013,9
20106042,-12.849893,33.726833,2013,6
20106042,-12.896212,33.752499,2013,6
20107490,-13.2667999267578,33.1526985168457,2010,10
20107615,-13.3201999664307,33.3348999023438,2011,1
20108739,-13.1445999145508,33.5780982971191,2010,3
20109486,-13.1766996383667,33.6623001098633,2010,11
20109653,-13.0745000839233,33.6771011352539,2010,10
20110170,-12.683500289917,33.3586006164551,2011,2
20110620,-12.8936996459961,33.3730010986328,2010,5
20110620,-14.389746,34.3274,2013,11
20110620,-12.920244,33.352289,2013,11
20110620,-12.8937,33.373,2013,6
20110620,-12.569937,33.505609,2013,6
20110620,-12.311902,33.64528,2013,7
20111107,-13.5244998931885,33.3306007385254,2011,3
20111107,-13.5244998931885,33.3306007385254,2011,2
20111530,-13.4696998596191,33.2495002746582,2011,1
20111718,-13.3487997055054,33.4403991699219,2010,8
20111718,-13.3488,33.4404,2013,6
20111718,-13.448924,33.410829,2013,6
20111718,-13.43845,33.380007,2013,6
20111718,-13.664175,33.572176,2013,10
20111718,-13.254248,33.234461,2013,6
20111718,-13.711063,33.751871,2013,6
20111718,-12.608456,33.820772,2013,6
20111718,-13.42135,33.11992,2013,11
20111718,-12.363742,33.548267,2013,9
20112290,-12.8852996826172,33.6596984863281,2010,12
20112334,-13.0994997024536,33.782398223877,2010,7
20112661,-12.8816003799438,33.7267990112305,2010,6
20112661,-12.8816,33.7268,2013,7
20112661,-12.753457,33.680554,2013,7
20113112,-12.9685001373291,33.8605003356934,2010,3
20113112,-12.9685,33.8605,2013,4
20113112,-14.647495,34.769383,2013,6
20113112,-14.323816,34.050046,2013,6
20113112,-13.290713,33.449836,2013,5
20113112,-13.923723,33.36894,2013,6
20113112,-12.880827,33.680718,2013,6
20113112,-12.879348,33.680537,2013,6
20113529,-12.8614997863769,33.8932991027832,2011,1
20115434,-13.0560998916626,33.394100189209,2010,7
20115434,-13.0561,33.3941,2013,5
20115434,-15.048305,35.328763,2013,6
20115434,-11.837122,34.154837,2013,10
20115434,-13.05085,33.476697,2013,10
20115434,-13.0561,33.3941,2013,10
20115434,-13.134783,33.292753,2013,10
20115434,-13.936545,33.762809,2013,8
20115434,-11.429501,33.99385,2013,8
20120081,-13.0520000457764,33.4894981384277,2010,12
20120081,-13.0520000457764,33.4894981384277,2010,11
20201109,-12.4573001861572,34.0404014587402,2010,11
20201206,-12.5705003738403,34.1133995056152,2011,3
20201264,-12.7355003356934,34.2246017456055,2010,12
20201269,-12.6598997116089,34.1614990234375,2010,6
20201354,-12.4928998947144,34.171199798584,2010,9
20201354,-12.4928998947144,34.171199798584,2010,10
20201450,-12.4523000717163,34.1018981933594,2010,5
20201450,-12.4523000717163,34.1018981933594,2010,6
20201646,-12.6224002838135,34.1651000976562,2010,7
20202343,-12.3545999526978,34.0208015441895,2011,1
20203135,-12.9603996276856,34.296501159668,2010,10
20203494,-12.9089002609253,34.2540016174316,2010,4
20203656,-13.0081996917725,34.3219985961914,2010,9
20203694,-13.1017999649048,34.2649002075195,2011,2
20204124,-12.8111000061035,34.212100982666,2010,6
20204712,-12.8681001663208,34.2448997497559,2010,11
20205207,-13.3500003814697,34.2705001831055,2010,9
20205207,-13.35,34.2705,2013,7
20205207,-14.833767,35.075727,2013,7
20205207,-12.612059,34.167763,2013,10
20205207,-12.947394,34.235151,2013,7
20205207,-13.387617,34.22984,2013,10
20205484,-13.2334995269775,34.2221984863281,2010,9
20205525,-13.4061002731323,34.3035011291504,2011,1
20205634,-13.3530998229981,34.2652015686035,2010,10
20205700,-13.1923999786377,34.3270988464355,2011,3
20205721,-13.2020998001099,34.3148002624512,2010,6
20206243,-13.4202995300293,34.1601982116699,2010,10
20206362,-13.2740001678467,34.1403999328613,2010,4
20206362,-13.920462,33.681444,2013,6
20206362,-13.274,34.1404,2013,4
20206362,-13.195127,34.326256,2013,4
20206362,-13.400791,34.133569,2013,7
20220038,-12.9212999343872,34.2784996032715,2011,2
20220153,-12.9202995300293,34.2951011657715,2010,9
20301075,-13.3828001022339,34.0536994934082,2011,2
20302432,-13.4707002639771,34.0438995361328,2010,12
20302539,-13.4060001373291,33.9457015991211,2010,4
20302539,-13.406,33.9457,2013,5
20302539,-13.952867,33.73361,2013,10
20302539,-13.174871,33.918773,2013,7
20302539,-14.439195,35.319855,2013,6
20302539,-13.259694,33.79967,2013,5
20302592,-13.4531002044678,33.9705009460449,2010,11
20303065,-13.2305002212524,34.0093002319336,2010,6
20303065,-13.996252,33.679737,2013,7
20303065,-13.2305,34.0093,2013,7
20303065,-13.2305,34.0093,2013,6
20303065,-13.2305,34.0093,2013,9
20303065,-13.591807,33.684829,2013,7
20303065,-12.920763,34.294566,2013,7
20303447,-13.2151002883911,34.0807991027832,2011,3
20303654,-13.2829999923706,33.9585990905762,2010,12
20304084,-13.4151000976562,33.913501739502,2010,7
20304164,-13.4233999252319,33.8981018066406,2010,10
20304285,-13.3930997848511,33.8348007202148,2011,1
20304314,-13.357500076294,33.7874984741211,2010,3
20304662,-13.4477996826172,33.9141006469727,2011,2
20304680,-13.4378004074097,33.8231010437012,2010,11
20305023,-13.2407999038696,33.9311981201172,2010,12
20305172,-13.1836996078491,33.8119010925293,2010,9
20305301,-13.1174001693726,33.785400390625,2010,8
20305301,-13.1174,33.7854,2013,5
20305301,-13.053413,33.783572,2013,5
20305301,-13.1174,33.7854,2013,9
20305301,-13.064057,33.904702,2013,5
20305340,-13.2242002487183,33.8058013916016,2010,7
20305382,-13.2279996871948,33.7963981628418,2011,3
20305717,-13.1625995635986,33.9201011657715,2010,5
20306272,-13.3554000854492,33.9127998352051,2011,1
20306296,-13.2687997817993,33.7652015686035,2010,3
20306433,-13.2662000656128,33.7425003051758,2010,7
20306557,-13.3313999176025,33.8581008911133,2010,7
20306557,-13.3314,33.8581,2013,5
20306557,-13.3314,33.8581,2013,10
20306557,-13.3314,33.8581,2013,6
20306557,-14.715609,35.500423,2013,5
20320675,-13.3466997146606,33.9255981445312,2010,8
20401171,-13.4956998825073,33.7820014953613,2011,2
20401627,-13.66100025177,33.695499420166,2010,11
20401737,-13.5848999023438,33.7018013000488,2010,4
20402045,-13.3308000564575,33.6283988952637,2011,3
20402072,-13.3776998519897,33.6249008178711,2010,10
20402198,-13.4554996490478,33.5665016174316,2010,9
20402198,-14.208245,33.721982,2013,9
20402198,-13.4555,33.5665,2013,7
20402198,-13.361307,33.66899,2013,7
20402198,-13.769923,33.810036,2013,7
20402198,-15.740085,35.004625,2013,11
20402201,-13.4026002883911,33.6562004089355,2010,6
20402298,-13.2779998779297,33.706600189209,2010,9
20403049,-13.5578002929688,33.5526008605957,2011,1
20403668,-13.6287002563477,33.576000213623,2010,3
20403697,-13.7201995849609,33.5233001708984,2010,10
20404032,-13.7468996047974,34.163200378418,2010,4
20404032,-13.891215,33.745239,2013,8
20404032,-13.7469,34.1632,2013,5
20404032,-13.186571,33.529035,2013,6
20404032,-13.698691,34.147963,2013,5
20404509,-13.6349000930786,34.0004005432129,2010,11
20404575,-13.7920999526978,34.1601982116699,2010,8
20404575,-13.7921,34.1602,2013,6
20404575,-13.7921,34.1602,2013,9
20404575,-13.71862,34.387836,2013,8
20404575,-13.864017,34.256346,2013,9
20404660,-13.6469001770019,34.0316009521484,2011,1
20405132,-13.6808996200562,33.8613014221191,2010,12
20405366,-13.7610998153687,33.9695014953613,2010,6
20405366,-13.7611,33.9695,2013,7
20405366,-13.92017,33.761072,2013,9
20405704,-13.7004995346069,33.7869987487793,2011,3
20406177,-13.5581998825073,33.757999420166,2010,12
20406348,-13.6269998550415,33.9297981262207,2011,1
20406598,-13.5818004608154,33.872501373291,2010,6
20407398,-13.6361999511719,33.7489013671875,2010,7
20407398,-13.6362,33.7489,2013,4
20407398,-13.387442,33.393402,2013,4
20407398,-13.6362,33.7489,2013,8
20407481,-13.5076999664307,33.7375984191895,2010,4
20407481,-13.5076999664307,33.7375984191895,2010,3
20407481,-13.5077,33.7376,2013,5
20407481,-13.416983,33.623815,2013,5
20407481,-15.058385,35.215503,2013,6
20407481,-13.663023,33.985936,2013,8
20407481,-13.041655,33.510448,2013,5
20421229,-13.5535001754761,33.7313995361328,2010,8
20501111,-13.8468999862671,34.5470008850098,2010,9
20501330,-13.7643995285034,34.5700988769531,2010,5
20501664,-13.8348999023438,34.484001159668,2010,11
20502159,-13.7531003952026,34.3721008300781,2010,11
20502240,-13.730299949646,34.2929000854492,2011,2
20502740,-13.7189998626709,34.4964981079102,2010,6
20502758,-13.8168001174927,34.344799041748,2010,7
20503239,-13.8240995407104,34.4667015075684,2010,4
20503476,-13.815899848938,34.5233993530273,2011,2
20504373,-13.9106998443603,34.4500007629395,2010,10
20504729,-13.7999000549316,34.4421005249023,2010,10
20505317,-14.0178003311157,34.4894981384277,2010,5
20505317,-14.0178003311157,34.4894981384277,2010,4
20505648,-13.9059000015259,34.5466995239258,2011,2
20506412,-14.089599609375,34.5219993591309,2010,12
20507089,-13.6120004653931,34.3389015197754,2010,9
20507089,-13.612,34.3389,2013,7
20507089,-13.612,34.3389,2013,10
20507089,-13.562328,34.242903,2013,7
20507089,-13.022731,33.499173,2013,7
20507371,-13.4914999008179,34.2925987243652,2011,2
20507422,-13.4694004058838,34.2793006896973,2010,9
20507459,-13.5931997299194,34.2977981567383,2010,6
20507459,-13.5932,34.2978,2013,7
20507459,-13.316306,34.249378,2013,7
20507459,-13.962365,34.502879,2013,7
20507459,-13.42001,34.313922,2013,7
20507459,-13.716291,34.406273,2013,7
20507459,-13.674754,34.374098,2013,7
20507459,-14.051284,34.010761,2013,7
20507571,-13.6187000274658,34.309700012207,2010,7
20508349,-13.4883003234863,34.2613983154297,2010,4
20508349,-14.283389,34.155916,2013,11
20508349,-13.4883,34.2614,2013,4
20508349,-13.892067,33.756351,2013,9
20508349,-13.4883,34.2614,2013,5
20508349,-13.43178,34.292606,2013,7
20508349,-13.55488,34.231972,2013,5
20508349,-16.133422,34.892603,2013,8
20508349,-13.997387,33.792879,2013,10
20508349,-13.4883,34.2614,2013,11
20508547,-13.5663003921509,34.1629981994629,2011,2
20510584,-13.4942998886108,34.3541984558105,2010,10
20520255,-13.7771997451782,34.4576988220215,2011,2
20520582,-13.7849998474121,34.418399810791,2010,11
20601141,-14.299599647522,33.9031982421875,2010,5
20601141,-14.2996,33.9032,2013,5
20601141,-14.222653,33.879263,2013,5
20601141,-9.678333,33.346399,2013,7
20601141,-13.348175,33.596012,2013,9
20601141,-14.082731,33.71509,2013,10
20601141,-14.217297,33.786425,2013,5
20601626,-14.0754995346069,33.9183006286621,2010,8
20601626,-14.268989,33.760958,2013,6
20601626,-13.918483,33.767331,2013,6
20601626,-14.256697,33.779334,2013,6
20601626,-14.0755,33.9183,2013,6
20601626,-13.8362,33.076892,2013,11
20601626,-12.92425,33.786282,2013,8
20601626,-13.996208,33.788272,2013,8
20601626,-13.888279,33.751493,2013,9
20601626,-13.759986,33.814378,2013,10
20601626,-14.388318,34.328298,2013,8
20601626,-14.198509,34.01966,2013,10
20601626,-15.782079,34.986765,2013,7
20601626,-13.541477,33.716561,2013,7
20601658,-14.0333995819092,33.8451995849609,2010,11
20601701,-14.145299911499,33.885799407959,2011,1
20601701,-14.145299911499,33.885799407959,2011,2
20602363,-14.0368003845215,33.345100402832,2010,9
20602363,-13.930946,33.317716,2013,11
20602363,-14.0368,33.3451,2013,7
20602363,-14.0368,33.3451,2013,6
20602363,-15.500794,35.361092,2013,9
20602363,-14.526757,34.660174,2013,11
20602479,-14.102499961853,33.5173988342285,2010,6
20602607,-13.887900352478,33.516300201416,2010,11
20602607,-13.887900352478,33.516300201416,2010,12
20602617,-14.0521001815796,33.4943008422852,2011,3
20602617,-14.0521001815796,33.4943008422852,2011,2
20603090,-14.2600002288818,33.7983016967773,2010,7
20603090,-14.26,33.7983,2013,5
20603090,-14.130569,33.886459,2013,7
20603090,-14.245084,33.777728,2013,5
20603090,-14.319199,33.598546,2013,8
20603090,-14.26,33.7983,2013,8
20603121,-14.1294002532959,33.6874008178711,2011,1
20603133,-14.262900352478,33.6935997009277,2010,11
20603189,-14.1549997329712,33.7457008361816,2010,3
20603337,-14.1864995956421,33.5528984069824,2010,7
20603455,-14.3621997833252,33.714900970459,2011,2
20603533,-14.2749004364014,33.7597007751465,2010,5
20603533,-14.2749004364014,33.7597007751465,2010,6
20603533,-14.2749,33.7597,2013,6
20603533,-14.2749,33.7597,2013,9
20603533,-12.32784,33.576921,2013,7
20603533,-14.228966,33.842643,2013,7
20603533,-14.831871,34.640417,2013,7
20603533,-15.822822,35.103634,2013,7
20603533,-14.178589,33.732182,2013,7
20604071,-14.0530996322632,33.9597015380859,2010,12
20604376,-14.0235004425049,34.1137008666992,2011,3
20604376,-14.0235004425049,34.1137008666992,2011,2
20604638,-14.0152997970581,34.0638999938965,2010,8
20604638,-14.0153,34.0639,2013,6
20604638,-14.130777,33.96488,2013,11
20604638,-13.665294,32.919684,2013,6
20605302,-14.0229997634888,34.0862998962402,2010,6
20605302,-14.023,34.0863,2013,6
20605302,-14.11965,33.919859,2013,9
20605302,-14.757932,34.764956,2013,11
20606168,-13.6751003265381,33.4471015930176,2010,11
20606297,-13.7819004058838,33.3633003234863,2010,10
20607260,-13.8674001693726,33.8280982971191,2010,7
20607260,-13.8674,33.8281,2013,5
20607260,-13.8674,33.8281,2013,9
20607260,-14.222226,33.741825,2013,9
20607260,-13.8674,33.8281,2013,7
20607260,-13.8674,33.8281,2013,6
20607260,-9.712961,33.838155,2013,7
20607260,-13.787469,32.908521,2013,7
20607315,-13.7993001937866,33.8588981628418,2010,3
20607315,-13.7993001937866,33.8588981628418,2010,4
20607315,-13.7993,33.8589,2013,4
20607315,-13.660888,33.857543,2013,6
20607315,-9.604181,33.779577,2013,5
20607315,-13.883571,33.969762,2013,5
20607315,-13.048482,33.501362,2013,6
20607315,-13.325499,33.874914,2013,5
20607315,-13.9147,33.770935,2013,4
20607315,-13.148034,33.392864,2013,6
20607315,-13.692371,33.757986,2013,5
20607733,-13.7938003540039,33.8372993469238,2011,1
20608499,-13.7526998519897,33.6626014709473,2010,11
20609754,-13.7714996337891,33.6813011169434,2011,2
20610050,-14.1044998168945,34.0018005371094,2010,5
20610050,-13.871859,33.773581,2013,9
20610050,-14.096924,33.580106,2013,6
20610050,-14.1045,34.0018,2013,6
20610050,-14.1045,34.0018,2013,7
20610050,-14.170676,33.934545,2013,7
20610249,-14.1600999832153,34.0345001220703,2010,9
20610249,-14.1601,34.0345,2013,6
20610249,-14.15186,33.87492,2013,6
20610249,-14.211998,33.93085,2013,6
20610249,-13.956523,34.076499,2013,6
20610249,-14.083444,33.979834,2013,6
20611336,-13.9799995422363,33.8624992370605,2010,12
20612564,-14.061900138855,33.8322982788086,2011,3
20613324,-13.9694004058838,33.6318016052246,2010,6
20613324,-13.9694,33.6318,2013,6
20613324,-13.778401,33.530215,2013,7
20613324,-13.849169,33.59013,2013,7
20613324,-13.9694,33.6318,2013,7
20614477,-14.0329999923706,33.5158996582031,2010,9
20614477,-14.033,33.5159,2013,6
20614477,-14.033,33.5159,2013,10
20614477,-13.457413,33.613864,2013,11
20614477,-13.835978,33.046182,2013,7
20614477,-13.923912,33.771566,2013,9
20614477,-14.033,33.5159,2013,9
20614477,-14.085206,33.570969,2013,6
20614589,-14.061900138855,33.6847991943359,2010,10
20615064,-13.8121995925903,33.5004997253418,2010,4
20615064,-13.8122,33.5005,2013,4
20615064,-13.188338,33.50286,2013,6
20615064,-13.749258,33.507008,2013,4
20615064,-10.950477,33.723828,2013,5
20615064,-13.525538,33.351445,2013,6
20615735,-13.934700012207,33.4939994812012,2010,7
20615735,-12.861681,33.683838,2013,7
20615735,-13.9347,33.494,2013,5
20615735,-13.923542,33.416739,2013,10
20615735,-13.9347,33.494,2013,11
20615735,-13.945914,33.582358,2013,5
20615752,-13.7482004165649,33.5601997375488,2011,1
20701527,-13.8905000686646,33.0054016113281,2010,5
20701659,-13.7623996734619,32.8174018859863,2011,3
20702011,-13.9426002502441,33.1929016113281,2011,3
20702282,-13.995400428772,33.2865982055664,2010,6
20702282,-13.995400428772,33.2865982055664,2010,5
20702464,-13.9649000167847,33.0449981689453,2010,11
20702471,-14.0593004226685,33.3083992004395,2010,10
20702471,-14.0593,33.3084,2013,7
20702542,-13.8666000366211,33.184700012207,2010,10
20703025,-13.815299987793,32.9355010986328,2010,7
20703083,-13.8086996078491,33.056999206543,2010,11
20703316,-13.8045997619629,33.214599609375,2010,10
20703565,-13.9315004348755,33.0802993774414,2010,4
20703565,-13.9315004348755,33.0802993774414,2010,5
20703595,-13.799599647522,33.0638999938965,2011,1
20704037,-13.7495002746582,33.1211013793945,2010,11
20704289,-13.690899848938,33.2019996643066,2010,11
20704353,-13.6584997177124,32.9775009155273,2011,2
20704738,-13.6712999343872,33.0260009765625,2010,5
20704738,-13.6713,33.026,2013,6
20704738,-13.645219,33.076546,2013,7
20704738,-13.887577,34.541663,2013,7
20704738,-13.6713,33.026,2013,7
20704738,-13.672247,33.245144,2013,7
20704738,-13.612075,32.969408,2013,7
20704738,-13.695821,32.974933,2013,7
20704738,-13.6713,33.026,2013,8
20705328,-13.3865003585815,33.117000579834,2011,3
20705372,-13.5026998519897,32.9863014221191,2010,7
20705372,-13.5027,32.9863,2013,7
20705372,-13.475201,33.062072,2013,7
20705372,-13.479862,33.06254,2013,7
20705495,-13.5327997207642,32.9249992370605,2011,1
20705652,-13.6125001907349,32.8647994995117,2010,12
20705657,-13.5790004730225,32.9850006103516,2010,10
20706163,-13.5486001968384,33.1744995117188,2010,4
20706163,-13.5486,33.1745,2013,5
20706163,-14.539771,35.540394,2013,7
20706163,-13.5486,33.1745,2013,9
20706163,-14.881805,34.866444,2013,7
20706163,-14.481406,35.572627,2013,7
20706163,-13.5486,33.1745,2013,7
20706294,-13.5565996170044,33.1808013916016,2010,10
20720368,-13.7820997238159,32.8998985290527,2010,9
20720368,-13.7820997238159,32.8998985290527,2010,8
20801046,-14.3762998580933,34.0393981933594,2010,11
20801046,-14.3763,34.0394,2013,6
20801208,-14.4103002548218,34.0298004150391,2010,5
20801271,-14.464599609375,34.0724983215332,2010,11
20801356,-14.3717002868652,33.9247016906738,2011,3
20801497,-14.4088001251221,34.1750984191895,2011,1
20802019,-14.3353004455566,33.9758987426758,2010,10
20802019,-14.3353,33.9759,2013,7
20802019,-14.395637,33.906305,2013,7
20802019,-14.3353,33.9759,2013,8
20802019,-14.4047,33.998797,2013,8
20802041,-14.3353996276856,33.8237991333008,2010,8
20802501,-14.2413997650147,34.0143013000488,2010,6
20803155,-14.2201995849609,34.1614990234375,2011,1
20803156,-14.2992000579834,34.1125984191895,2010,7
20803156,-14.2992000579834,34.1125984191895,2010,10
20803156,-14.2992,34.1126,2013,5
20803503,-14.2041997909546,34.0334014892578,2011,1
20803599,-14.3353996276856,34.3036994934082,2010,11
20803731,-14.2395000457764,34.1277008056641,2010,3
20804405,-14.0261001586914,34.2599983215332,2010,5
20804405,-14.0261,34.26,2013,5
20804405,-14.003956,33.741913,2013,8
20804405,-14.359303,34.075008,2013,8
20804768,-14.1077995300293,34.2700996398926,2010,9
20804768,-14.1078,34.2701,2013,6
20804768,-14.1078,34.2701,2013,5
20804768,-14.185323,34.307681,2013,6
20804768,-14.378557,34.319622,2013,11
20805345,-14.0489997863769,34.2070007324219,2010,12
20806131,-14.2020998001099,34.3656005859375,2010,6
20806131,-14.2021,34.3656,2013,7
20806546,-14.3059997558594,34.3582992553711,2010,11
20806716,-14.1512002944946,34.4014015197754,2011,3
20807711,-14.2214002609253,34.5349006652832,2010,7
20807727,-14.3556003570557,34.5792999267578,2010,3
20807727,-14.3556003570557,34.5792999267578,2010,4
20807727,-14.3556,34.5793,2013,4
20807727,-14.3556,34.5793,2013,5
20807727,-13.434011,34.278965,2013,11
20807728,-14.2455997467041,34.5868988037109,2011,3
20808421,-14.3486995697022,34.4039993286133,2010,7
20808421,-14.3486995697022,34.4039993286133,2010,10
20808421,-14.3487,34.404,2013,4
20808421,-14.3487,34.404,2013,5
20820318,-14.3814001083374,34.326301574707,2010,8
20901232,-14.9910001754761,34.8605003356934,2011,2
20901276,-15.0949001312256,34.8546981811523,2010,4
20901276,-15.0949001312256,34.8546981811523,2010,5
20902437,-15.1702003479004,34.6124992370605,2011,3
20902449,-14.8198003768921,34.5765991210938,2010,11
20902461,-15.0457000732422,34.6165008544922,2010,9
20903543,-14.819899559021,34.5950012207031,2010,5
20903543,-14.819899559021,34.5950012207031,2010,6
20903583,-14.8514995574951,34.6402015686035,2010,9
20903583,-14.8515,34.6402,2013,7
20903583,-13.957605,33.916734,2013,7
20903583,-15.76737,35.004669,2013,8
20904018,-14.733699798584,34.8391990661621,2010,10
20904160,-14.8656997680664,34.8622016906738,2010,3
20904342,-14.9319000244141,34.8329010009766,2010,10
20904602,-14.8041000366211,34.9112014770508,2011,1
20905295,-14.8346996307373,34.7051010131836,2010,11
20906110,-14.6584997177124,34.5456008911133,2011,1
20906524,-14.7688999176025,34.6460990905762,2010,5
20906524,-14.7689,34.6461,2013,6
20906524,-15.774929,35.087924,2013,7
20906524,-13.87902,33.790344,2013,9
20906524,-14.7689,34.6461,2013,5
20906605,-14.6513996124268,34.6255989074707,2010,8
20906605,-14.6514,34.6256,2013,6
20906605,-13.945204,33.740801,2013,7
20906605,-14.6514,34.6256,2013,9
20907238,-14.5073003768921,34.5032997131348,2010,12
20908051,-14.7177000045776,34.690299987793,2010,7
20908088,-14.6360998153687,34.7322998046875,2010,4
20908088,-16.468463,34.876115,2013,9
20908088,-14.6361,34.7323,2013,4
20908088,-15.824537,35.012556,2013,5
20908088,-15.068245,34.867735,2013,6
20908088,-14.241191,34.490162,2013,5
20908119,-14.5036001205444,34.6593017578125,2010,6
20908119,-14.5036,34.6593,2013,7
20908119,-14.812309,34.635847,2013,7
20908293,-14.6764001846313,34.7529983520508,2011,1
20908329,-14.6663999557495,34.6645011901855,2010,12
20908538,-14.5811996459961,34.5910987854004,2011,2
20908538,-14.5811996459961,34.5910987854004,2011,3
20909113,-14.4135999679565,34.6105995178223,2010,7
20909113,-14.4136,34.6106,2013,4
20909113,-14.872558,35.521921,2013,9
20909113,-14.206531,34.830461,2013,7
20909113,-13.776091,34.449293,2013,7
20909113,-14.326344,34.545917,2013,8
20909113,-14.292511,34.533149,2013,4
20909113,-14.407428,34.560757,2013,8
20909113,-14.040995,33.818413,2013,7
20909113,-14.028579,33.808201,2013,9
20920520,-14.808500289917,34.6183013916016,2010,8
21031643,-14.0176000595093,33.7813987731934,2010,11
21037030,-13.9896001815796,33.7771987915039,2010,8
21037030,-13.9896001815796,33.7771987915039,2010,9
21037030,-13.9896,33.7772,2013,6
21037030,-13.9896,33.7772,2013,8
21037030,-13.9896,33.7772,2013,5
21037030,-13.865386,33.767435,2013,6
21037030,-13.912004,33.790126,2013,6
21037030,-14.547193,35.116009,2013,7
21037030,-14.005009,33.738761,2013,5
21037030,-13.9896,33.7772,2013,11
21037030,-13.366851,33.904771,2013,7
21037224,-13.9750995635986,33.8054008483887,2011,2
21037536,-13.9917001724243,33.7789001464844,2010,4
21037536,-13.9917,33.7789,2013,5
21037536,-14.612306,34.748982,2013,10
21037536,-14.52835,35.058002,2013,6
21037536,-13.950819,33.729091,2013,5
21037536,-14.020678,33.697731,2013,5
21037536,-13.762928,33.819594,2013,6
21037536,-13.70378,33.835188,2013,6
21037536,-14.354734,33.886356,2013,12
21037536,-15.658423,35.040745,2013,6
21037536,-16.024386,35.258037,2013,9
21037536,-14.004727,33.704366,2013,5
21038392,-14.0136995315552,33.7901992797852,2011,3
21038763,-14.0064001083374,33.7848014831543,2010,12
21048764,-13.9354000091553,33.7827987670898,2010,7
21048764,-13.9354,33.7828,2013,7
21048764,-13.51086,33.712081,2013,8
21048764,-15.829293,35.022736,2013,12
21048764,-13.339259,33.918683,2013,9
21048764,-15.817666,34.99723,2013,8
21048764,-15.760625,34.988857,2013,8
21048764,-15.413606,35.321832,2013,9
21048764,-15.712388,35.165857,2013,9
21048764,-14.220734,33.80274,2013,9
21048764,-14.800995,34.767419,2013,8
21048764,-13.784169,34.458376,2013,9
21048764,-11.435428,33.839486,2013,10
21048764,-14.811377,34.632823,2013,8
21051203,-14.0038995742798,33.8081016540527,2010,10
21051203,-13.806771,32.880708,2013,8
21051203,-14.0039,33.8081,2013,7
21051203,-14.0039,33.8081,2013,10
21051203,-14.393898,34.334052,2013,10
21051203,-14.208117,34.128432,2013,10
21051203,-13.774501,34.511803,2013,9
21051517,-13.9975996017456,33.8050003051758,2010,10
21052427,-14.0062999725342,33.8022003173828,2010,3
21052427,-14.0063,33.8022,2013,4
21052427,-13.812285,32.895783,2013,8
21052427,-14.011021,33.719955,2013,5
21052427,-14.019587,33.718764,2013,5
21052427,-16.302158,35.180701,2013,10
21052427,-13.543029,33.77553,2013,5
21052427,-13.539611,33.738895,2013,7
21052427,-14.087427,34.283321,2013,6
21052427,-15.559273,35.164202,2013,10
21052427,-15.40638,35.366353,2013,5
21052427,-11.466786,34.030195,2013,6
21052642,-14.0079002380371,33.8051986694336,2011,1
21053430,-14.0158996582031,33.8269996643066,2010,8
21053745,-14.0073003768921,33.8244018554688,2010,8
21053745,-14.0073003768921,33.8244018554688,2010,7
21053745,-14.0073,33.8244,2013,5
21053745,-13.767238,33.008935,2013,9
21053745,-15.072061,35.217356,2013,6
21053745,-15.807328,35.097268,2013,9
21053745,-15.410254,35.329512,2013,6
21054673,-14.0193996429443,33.8171997070312,2011,1
21055165,-13.9113998413086,33.7467002868652,2010,12
21055241,-13.8758001327515,33.7598991394043,2010,9
21055241,-13.8758,33.7599,2013,5
21055241,-13.99791,33.748438,2013,5
21055241,-16.117742,35.526779,2013,8
21055241,-13.933599,33.73566,2013,6
21055241,-13.8758,33.7599,2013,7
21055241,-11.450212,34.036338,2013,10
21055241,-13.8758,33.7599,2013,6
21055693,-13.8696002960205,33.777099609375,2010,4
21055693,-13.8696,33.7771,2013,5
21055693,-13.714482,33.608401,2013,8
21055693,-13.8696,33.7771,2013,6
21055693,-13.4111614837,33.641001971,2013,8
21055693,-12.916155,34.286977,2013,11
21056222,-13.8583002090454,33.7887001037598,2011,3
21066096,-14.0239000320435,33.7779998779297,2010,9
21066096,-14.0239,33.778,2013,6
21066096,-14.0239,33.778,2013,7
21066096,-14.0239,33.778,2013,10
21066096,-13.895592,33.84888,2013,6
21066096,-14.158348,33.804965,2013,9
21066339,-14.020899772644,33.774600982666,2010,6
21066339,-14.0209,33.7746,2013,6
21066339,-13.924327,33.761867,2013,6
21066339,-14.364469,34.261257,2013,11
21066339,-12.243814,33.501872,2013,9
21066339,-15.347098,35.090847,2013,9
21066339,-13.994839,33.797894,2013,7
21066339,-14.0209,33.7746,2013,7
21066478,-14.0279998779297,33.8012008666992,2010,10
21069400,-13.9168996810913,33.8092002868652,2011,1
21074510,-13.9490995407104,33.8098983764648,2010,4
21074510,-13.9491,33.8099,2013,5
21074510,-15.856748,35.119812,2013,7
21074510,-13.9491,33.8099,2013,6
21074510,-13.969285,33.272495,2013,11
21077725,-13.9710998535156,33.7574005126953,2010,8
21077725,-13.9711,33.7574,2013,5
21077725,-13.947822,33.817193,2013,5
21077725,-14.014684,33.825619,2013,9
21077725,-14.390712,34.328241,2013,11
21077725,-13.95249,33.814852,2013,5
21077725,-13.763992,34.587437,2013,7
21077725,-13.989617,33.80448,2013,9
21077725,-13.071663,33.439737,2013,7
21077725,-15.764418,35.060038,2013,9
21079006,-13.9170999526978,33.7594985961914,2010,9
21080308,-13.9322996139526,33.7588996887207,2010,4
21080308,-13.9323,33.7589,2013,5
21080308,-13.891307,33.80975,2013,5
21080308,-14.275518,34.660126,2013,7
21080308,-13.9323,33.7589,2013,10
21080308,-14.304161,33.975872,2013,10
21080308,-14.008848,33.733552,2013,6
21080308,-13.9323,33.7589,2013,6
21080308,-10.850998,34.000372,2013,7
21080755,-13.911600112915,33.7901992797852,2011,1
21081573,-13.8938999176025,33.7871017456055,2010,9
21081573,-13.8939,33.7871,2013,6
21081573,-16.952974,35.203069,2013,7
21081573,-13.8939,33.7871,2013,5
21081573,-13.989542,33.811908,2013,6
21081573,-15.14459,35.31829,2013,7
21081573,-15.175159,35.324885,2013,7
21081573,-14.951613,34.901564,2013,7
21083535,-13.7890996932983,33.8086013793945,2010,12
21085094,-13.8456001281738,33.7583999633789,2011,3
21086069,-13.9530000686646,33.717399597168,2010,9
21086069,-13.953,33.7174,2013,7
21086436,-13.955400466919,33.7285995483398,2010,7
21086436,-13.9554,33.7286,2013,7
21086436,-13.9554,33.7286,2013,11
21086436,-13.375928,33.498083,2013,8
21086436,-13.649464,33.796596,2013,8
21087057,-13.9959001541138,33.7342987060547,2010,10
21087531,-14.0109996795654,33.728099822998,2010,3
21087531,-14.011,33.7281,2013,4
21087531,-15.764043,35.233509,2013,6
21087531,-14.443436,34.448337,2013,10
21087531,-13.871935,33.760293,2013,4
21087531,-14.353358,34.449107,2013,6
21087736,-14.0131998062134,33.7182998657227,2011,1
21088597,-14.0548000335693,33.7076988220215,2010,8
21088597,-14.0548,33.7077,2013,5
30101280,-14.4265003204346,35.2575988769531,2010,3
30101280,-14.4265,35.2576,2013,4
30101280,-14.4265,35.2576,2013,5
30101280,-14.369445,35.420028,2013,5
30101280,-14.406339,35.337866,2013,5
30101280,-14.074646,34.488563,2013,7
30101545,-14.5243997573853,35.0887985229492,2010,9
30101545,-14.5244,35.0888,2013,6
30101545,-14.477343,35.13481,2013,6
30101545,-14.450797,35.1933,2013,9
30101545,-14.316858,35.141797,2013,7
30101545,-14.311784,35.121766,2013,7
30101552,-14.3191995620728,35.0859985351562,2011,1
30102028,-14.6300001144409,35.1032981872559,2010,7
30102028,-14.63,35.1033,2013,7
30102028,-14.63,35.1033,2013,6
30102028,-16.44548,34.885878,2013,8
30102540,-14.7687997817993,35.0315017700195,2010,10
30102540,-14.720445,35.057471,2013,6
30102540,-14.7688,35.0315,2013,6
30102540,-13.957437,33.751258,2013,9
30102540,-14.7688,35.0315,2013,7
30102540,-13.917987,33.730771,2013,9
30102540,-14.865,35.195392,2013,7
30102632,-14.5043001174927,35.2056007385254,2011,3
30102641,-14.5375003814697,34.7975006103516,2010,11
30103021,-14.2793998718262,34.8092994689941,2011,1
30103074,-14.479100227356,34.8261985778809,2010,5
30103074,-14.479100227356,34.8261985778809,2010,4
30103074,-14.4791,34.8262,2013,5
30103074,-14.335268,35.422701,2013,5
30103074,-16.06803,34.785003,2013,7
30103420,-14.1971998214722,34.8825988769531,2010,10
30104022,-14.3915996551514,35.4482002258301,2010,11
30104040,-14.3833999633789,35.5862998962402,2011,2
30104708,-14.3252000808716,35.4254989624023,2010,7
30104708,-14.3252,35.4255,2013,5
30104708,-14.427132,35.181283,2013,5
30105325,-14.4912004470825,35.6063003540039,2010,5
30105325,-14.4912004470825,35.6063003540039,2010,4
30105325,-14.4912004470825,35.6063003540039,2010,3
30105325,-14.4912,35.6063,2013,4
30105325,-14.40563,35.09312,2013,5
30105325,-14.562008,35.527267,2013,5
30105325,-13.860156,35.11627,2013,4
30105325,-14.64553,35.525496,2013,5
30105325,-15.798203,35.635948,2013,9
30105325,-14.495194,35.26745,2013,4
30105325,-14.355967,35.54484,2013,4
30105448,-14.4716997146606,35.6096000671387,2010,5
30105448,-14.4717,35.6096,2013,5
30105448,-11.193366,33.955719,2013,10
30106005,-14.5250997543335,35.3881988525391,2011,2
30106005,-14.5250997543335,35.3881988525391,2011,3
30106331,-14.3521995544434,35.3189010620117,2010,12
30106750,-14.7020998001099,35.4398002624512,2010,5
30106750,-14.7020998001099,35.4398002624512,2010,6
30107395,-14.2671003341675,35.4314994812012,2010,7
30107624,-14.1065998077393,35.4117012023926,2010,10
30107624,-14.1066,35.4117,2013,7
30107624,-14.217454,35.428865,2013,7
30108117,-13.7386999130249,35.0668983459473,2011,1
30108401,-13.845100402832,35.1064987182617,2010,3
30108401,-13.8451,35.1065,2013,4
30108401,-13.697323,35.022521,2013,4
30108401,-15.774544,35.079993,2013,5
30108401,-13.8451,35.1065,2013,6
30109724,-14.1403999328613,35.2154006958008,2010,7
30109724,-14.1404,35.2154,2013,5
30109724,-14.233135,35.259202,2013,5
30109724,-13.981019,35.166864,2013,5
30120262,-14.4674997329712,35.2910003662109,2010,11
30201076,-15.0473003387451,35.2921981811523,2010,10
30201076,-15.0473003387451,35.2921981811523,2010,9
30201146,-14.993200302124,35.5127983093262,2010,11
30201498,-14.8219003677368,35.5262985229492,2011,2
30201587,-14.890700340271,35.4440002441406,2010,4
30202252,-15.1750001907349,35.3381004333496,2010,7
30202252,-15.175,35.3381,2013,7
30202252,-15.770697,35.024294,2013,8
30202252,-15.175,35.3381,2013,10
30202252,-15.395464,35.33235,2013,7
30202403,-15.1300001144409,35.1898994445801,2011,3
30203044,-14.8449001312256,35.6371002197266,2010,7
30203122,-14.7518997192383,35.5797996520996,2010,12
30203142,-14.8852996826172,35.6353988647461,2011,1
30203256,-14.8942003250122,35.6795997619629,2010,3
30203767,-14.9942998886108,35.5973014831543,2010,10
30204126,-15.2190999984741,35.4275016784668,2010,11
30205702,-15.1752004623413,35.5007019042969,2011,2
30206341,-15.0513000488281,35.4604988098145,2010,8
30206341,-15.0513,35.4605,2013,6
30206341,-15.395509,34.653922,2013,7
30206572,-14.9968996047974,35.5521011352539,2010,5
30206572,-14.9969,35.5521,2013,6
30206572,-13.905237,33.758904,2013,7
30207060,-14.7573003768921,35.6748008728027,2011,3
30207188,-14.8723001480103,35.7462997436523,2010,6
30207491,-14.7604999542236,35.7029991149902,2010,12
30208396,-14.7074003219604,35.8067016601562,2010,10
30208396,-14.7074,35.8067,2013,7
30208396,-14.803797,35.776218,2013,7
30208396,-14.699996,35.794621,2013,7
30208396,-14.705395,35.807045,2013,7
30209287,-14.7467002868652,35.5680999755859,2010,10
30212167,-14.5942001342773,35.6516990661621,2011,1
30212307,-14.6998996734619,35.6080017089844,2010,5
30212307,-14.6998996734619,35.6080017089844,2010,4
30212307,-14.6999,35.608,2013,5
30212307,-15.383895,35.348207,2013,6
30212307,-11.192707,33.745411,2013,10
30212492,-14.7245998382568,35.7083015441895,2010,8
30212492,-14.7245998382568,35.7083015441895,2010,7
30212492,-14.7246,35.7083,2013,5
30222077,-15.0766000747681,35.2300987243652,2010,9
30301554,-15.3579998016357,35.4216995239258,2011,1
30301576,-15.2658004760742,35.4682006835938,2010,11
30301590,-15.3793001174927,35.4827003479004,2010,5
30302283,-15.3663997650147,35.5802001953125,2010,11
30302357,-15.5120000839233,35.5861015319824,2010,11
30302601,-15.4882001876831,35.556999206543,2010,5
30302601,-15.4882001876831,35.556999206543,2010,6
30302601,-15.4882,35.557,2013,6
30302601,-16.061038,35.737369,2013,8
30302601,-13.907146,33.748545,2013,10
30302601,-14.82105,34.652083,2013,11
30302601,-15.83451,35.007835,2013,8
30302687,-15.4316997528076,35.4796981811523,2011,2
30302692,-15.4141998291016,35.394100189209,2010,9
30304139,-15.4828996658325,35.3577003479004,2011,1
30304143,-15.4308004379272,35.3782997131348,2010,7
30305082,-15.5698003768921,35.4255981445312,2010,9
30305082,-15.5698,35.4256,2013,6
30305082,-13.029042,34.318711,2013,7
30305082,-15.5698,35.4256,2013,11
30305082,-14.210313,34.872176,2013,7
30305258,-15.5910997390747,35.2585983276367,2010,8
30305277,-15.5190000534058,35.3176002502441,2010,3
30305277,-15.5190000534058,35.3176002502441,2010,4
30305277,-15.519,35.3176,2013,4
30305277,-15.519,35.3176,2013,5
30305277,-15.111498,35.499793,2013,6
30305277,-15.519,35.3176,2013,10
30305277,-15.515255,35.338163,2013,5
30305277,-13.939907,33.740064,2013,5
30305506,-15.5965003967285,35.399299621582,2011,2
30305561,-15.5648002624512,35.2016983032227,2010,10
30305580,-15.6473999023438,35.3431015014648,2010,5
30305580,-15.6474,35.3431,2013,6
30305580,-15.860048,35.050407,2013,7
30306024,-15.392900466919,35.2206993103027,2010,11
30306056,-15.4279003143311,35.2025985717773,2011,1
30306087,-15.3170003890991,35.1060981750488,2010,6
30306087,-15.3170003890991,35.1060981750488,2010,7
30306087,-15.317,35.1061,2013,7
30306087,-15.416082,35.30083,2013,7
30306087,-15.816073,35.045904,2013,8
30306087,-15.074082,35.225953,2013,10
30306460,-15.3030004501343,35.11669921875,2011,3
30306555,-15.4626998901367,35.1595001220703,2010,10
30306555,-15.4627,35.1595,2013,7
30306555,-15.528931,35.165794,2013,7
30306555,-15.795927,35.094084,2013,8
30306594,-15.2320003509522,35.2051010131836,2010,11
30307577,-15.3108997344971,35.3566017150879,2010,3
30307678,-15.2318000793457,35.3223991394043,2010,7
30307678,-15.2318,35.3224,2013,5
30307678,-11.47406,34.020559,2013,6
30307678,-14.81906,34.627872,2013,7
30307678,-14.206975,35.044464,2013,7
30307678,-14.0457,34.106629,2013,6
30307678,-15.326933,35.17326,2013,5
30401015,-15.7552003860474,35.1456985473633,2010,11
30401062,-15.6915998458862,35.1357002258301,2010,4
30401062,-15.6915998458862,35.1357002258301,2010,5
30401178,-15.722900390625,35.2164001464844,2010,8
30401178,-15.722900390625,35.2164001464844,2010,9
30401397,-15.6082000732422,35.1882019042969,2011,2
30402291,-15.8234996795654,35.1775016784668,2011,1
30402402,-15.8463001251221,35.1730995178223,2010,7
30402515,-15.7841997146606,35.1127014160156,2010,6
30402570,-15.7578001022339,35.1122016906738,2011,3
30402669,-15.7937002182007,35.1613998413086,2010,12
30403185,-15.7104997634888,35.2682991027832,2010,10
30403225,-15.6922998428345,35.1971015930176,2010,3
30403261,-15.6780004501343,35.1945991516113,2010,9
30403444,-15.8295001983643,35.2617988586426,2010,4
30403444,-15.8295001983643,35.2617988586426,2010,5
30403444,-15.8295,35.2618,2013,5
30403444,-15.789146,35.037568,2013,6
30403444,-15.713251,35.290126,2013,5
30403444,-15.809487,35.154647,2013,5
30403558,-15.7517004013062,35.2275009155273,2011,2
30403699,-15.7386999130249,35.2619018554688,2010,11
30403766,-15.8144998550415,35.2521018981934,2010,11
30404093,-15.9643001556397,35.3055992126465,2010,12
30404093,-15.9643001556397,35.3055992126465,2010,11
30404458,-15.8970003128052,35.312198638916,2010,6
30404493,-15.8662004470825,35.2736015319824,2011,3
30405588,-15.5853004455566,35.1329002380371,2010,7
30406125,-15.5734996795654,35.1949005126953,2011,1
30406378,-15.6562995910644,35.2697982788086,2010,10
30406710,-15.601300239563,35.2403984069824,2010,4
30406710,-15.656745,35.307437,2013,9
30406710,-15.6013,35.2404,2013,4
30406710,-15.6013,35.2404,2013,6
30406710,-15.831818,35.047288,2013,7
30406710,-12.455234,34.137269,2013,10
30420223,-15.706600189209,35.1679992675781,2010,8
30501008,-15.6553001403809,35.0192985534668,2010,12
30501008,-15.6553001403809,35.0192985534668,2010,11
30501020,-15.6944999694824,35.0522994995117,2010,5
30501359,-15.5809001922607,35.0765991210938,2011,2
30501383,-15.6555995941162,35.0183982849121,2010,8
30501383,-15.6556,35.0184,2013,6
30501566,-15.5298004150391,35.0069999694824,2010,8
30502418,-15.3957004547119,35.0320014953613,2011,3
30502456,-15.5146999359131,35.1046981811523,2010,6
30502456,-15.5146999359131,35.1046981811523,2010,5
30502456,-15.5147,35.1047,2013,7
30502456,-15.429052,34.879824,2013,10
30502456,-15.554896,35.001428,2013,10
30502456,-15.668453,35.045057,2013,7
30502456,-14.942317,35.638768,2013,9
30503214,-15.4723997116089,34.9869995117188,2011,1
30503292,-15.4819002151489,34.9225997924805,2010,11
30503292,-15.4819002151489,34.9225997924805,2010,10
30503685,-15.4238996505737,34.8991012573242,2010,9
30503685,-15.4239,34.8991,2013,7
30503685,-13.810942,32.89232,2013,11
30503685,-15.749475,35.08123,2013,7
30503685,-15.357724,34.964123,2013,7
30503685,-15.347294,34.918729,2013,8
30504251,-15.647500038147,34.9010009765625,2010,3
30504251,-15.647500038147,34.9010009765625,2010,4
30504518,-15.7088003158569,34.8301010131836,2010,7
30504518,-15.7088,34.8301,2013,4
30505180,-15.5640001296997,35.1157989501953,2010,11
30506017,-15.546199798584,34.8508987426758,2011,2
30506017,-15.546199798584,34.8508987426758,2011,3
30506031,-15.6487998962402,34.967700958252,2010,6
30506105,-15.8127002716065,34.9738006591797,2011,3
30506326,-15.7789001464844,34.86669921875,2010,9
30506457,-15.6690998077393,34.9351997375488,2010,11
30506748,-15.6094999313354,34.9706001281738,2010,5
30507667,-15.6918001174927,35.0484008789062,2010,12
30508364,-15.8922004699707,35.0362014770508,2011,1
30508435,-15.9099998474121,34.8844985961914,2010,4
30508473,-15.9437999725342,34.8750991821289,2010,10
30508629,-15.8343000411987,34.9532012939453,2010,7
30601052,-15.5041999816894,34.507999420166,2011,3
30601144,-15.7592000961304,34.5223007202148,2010,10
30601190,-15.8009004592896,34.5362014770508,2010,8
30601190,-15.8009004592896,34.5362014770508,2010,9
30601191,-15.4337997436523,34.488899230957,2010,9
30601428,-15.6323003768921,34.548999786377,2011,1
30601526,-15.5960998535156,34.5629005432129,2010,7
30601608,-15.6104001998901,34.4972991943359,2010,11
30601639,-15.720100402832,34.5365982055664,2010,3
30601746,-15.4807996749878,34.5093994140625,2010,5
30602059,-15.6588001251221,34.5229988098145,2010,6
30602217,-15.5844001770019,34.4508018493652,2010,4
30602220,-15.6483001708984,34.4314994812012,2011,3
30602235,-15.7370004653931,34.3852005004883,2010,4
30602235,-15.737,34.3852,2013,5
30602235,-15.829973,35.025275,2013,5
30602235,-15.839186,35.054181,2013,5
30602235,-15.625842,34.524937,2013,5
30602235,-15.616818,34.531214,2013,5
30602408,-15.4893999099731,34.4417991638184,2011,2
30602443,-15.7435998916626,34.4490013122559,2011,1
30602445,-15.5677995681763,34.470100402832,2010,10
30602472,-15.5988998413086,34.515998840332,2010,9
30602512,-15.7130002975464,34.3926010131836,2010,10
30602713,-15.6827001571655,34.5050010681152,2010,12
30602734,-15.7656002044678,34.4575004577637,2010,7
30620179,-15.6070003509522,34.5080986022949,2010,8
30620196,-15.6057996749878,34.5183982849121,2010,5
30620196,-15.6058,34.5184,2013,6
30620196,-15.897308,35.120092,2013,7
30620196,-15.737778,35.142716,2013,10
30620196,-15.55674,34.504742,2013,6
30620196,-15.783109,35.05611,2013,6
30620196,-15.775665,35.079666,2013,6
30620323,-15.6068000793457,34.5141983032227,2011,2
30620644,-15.6146001815796,34.5237007141113,2010,11
30701411,-16.3029003143311,35.2377014160156,2010,11
30702134,-16.3514003753662,35.2608985900879,2011,2
30703381,-16.2455997467041,35.1789016723633,2010,4
30703381,-14.931908,34.589104,2013,10
30703381,-16.2456,35.1789,2013,5
30703381,-15.775842,35.086711,2013,10
30703381,-16.2456,35.1789,2013,6
30703381,-15.84634,35.048533,2013,6
30704158,-16.262300491333,35.13330078125,2010,12
30704313,-16.1982002258301,35.1580009460449,2010,9
30704313,-16.1982,35.158,2013,5
30704313,-13.881851,33.744907,2013,9
30704313,-16.1982,35.158,2013,6
30704313,-15.965559,35.07003,2013,5
30704313,-15.817933,35.075653,2013,7
30705248,-16.0930004119873,34.9964981079102,2011,3
30705391,-16.0879993438721,35.0680999755859,2010,5
30705391,-16.088,35.0681,2013,6
30705391,-16.133781,35.056042,2013,6
30705391,-16.066702,35.11005,2013,7
30705391,-16.088,35.0681,2013,9
30705391,-16.093384,35.204566,2013,7
30706619,-16.1550006866455,35.1217994689941,2010,9
30706619,-16.155,35.1218,2013,6
30706619,-16.155,35.1218,2013,7
30706619,-15.847396,35.079975,2013,9
30706619,-15.841289,35.046927,2013,8
30706619,-15.913771,35.148021,2013,7
30706619,-16.066438,35.108358,2013,7
30706619,-15.758234,35.050017,2013,7
30706743,-16.2045993804932,35.1129989624023,2010,10
30707534,-16.1149005889893,35.2472991943359,2010,3
30707722,-16.0916996002197,35.2317008972168,2011,1
30708338,-16.0849990844727,35.1464004516602,2010,7
30708665,-16.0578994750977,35.236198425293,2010,8
30708665,-16.0579,35.2362,2013,4
30708665,-16.056869,35.534726,2013,5
30708665,-16.058464,35.584214,2013,5
30708665,-16.013893,35.293688,2013,4
30708665,-16.032848,35.293251,2013,4
30708665,-15.420574,34.646036,2013,7
30708665,-15.978418,35.476019,2013,5
30708665,-16.0579,35.2362,2013,5
30709116,-15.9064998626709,35.1571998596191,2011,2
30709358,-15.9342002868652,35.1660003662109,2010,11
30709438,-15.9498996734619,35.1136016845703,2010,5
30709438,-15.9499,35.1136,2013,5
30709438,-15.726611,35.074629,2013,9
30709438,-15.898449,35.16737,2013,5
30709438,-14.015967,33.736083,2013,8
30709438,-15.980984,35.174555,2013,5
30709650,-15.9926996231079,35.2280006408691,2010,9
30709698,-16.0349006652832,35.1623992919922,2011,3
30710079,-16.0049991607666,35.1012992858887,2010,9
30710079,-16.0049991607666,35.1012992858887,2010,6
30710079,-16.031889,35.422877,2013,8
30710079,-16.005,35.1013,2013,7
30710079,-15.909034,35.192148,2013,10
30710079,-16.099267,35.436203,2013,9
30710079,-16.054588,35.635999,2013,9
30710128,-15.8715000152588,35.1460990905762,2010,5
30710128,-15.8715000152588,35.1460990905762,2010,6
30710157,-15.9777002334595,34.9794006347656,2010,7
30710451,-16.0778999328613,35.0742988586426,2011,1
30711684,-16.012300491333,34.953498840332,2010,3
30711684,-16.012300491333,34.953498840332,2010,4
30711684,-16.0123,34.9535,2013,4
30711684,-16.0123,34.9535,2013,5
30711684,-15.885185,34.961286,2013,5
30711684,-15.998132,34.819332,2013,9
30720666,-16.0662002563477,35.1873016357422,2010,10
30801205,-16.1114006042481,35.4481010437012,2011,2
30801205,-16.1114006042481,35.4481010437012,2011,3
30801300,-16.078800201416,35.606201171875,2010,5
30801305,-16.0568008422852,35.5175018310547,2010,11
30801386,-15.9991998672485,35.6254997253418,2011,1
30801631,-16.1403999328613,35.5022010803223,2010,11
30801672,-16.1133995056152,35.4091987609863,2010,6
30801672,-16.1133995056152,35.4091987609863,2010,5
30801672,-16.1134,35.4092,2013,6
30801672,-15.750978,35.011747,2013,8
30801679,-16.0832004547119,35.5824012756348,2010,8
30801679,-16.0832,35.5824,2013,6
30801679,-16.0832,35.5824,2013,5
30801679,-14.036455,34.872689,2013,10
30801679,-15.407772,34.650745,2013,7
30802036,-15.956000328064,35.7616004943848,2010,11
30802036,-15.956000328064,35.7616004943848,2010,12
30802485,-16.05299949646,35.7182006835938,2011,1
30802579,-16.047700881958,35.7652015686035,2010,6
30803115,-16.0375003814697,35.3544998168945,2010,7
30803115,-16.0375,35.3545,2013,5
30803115,-16.0375,35.3545,2013,8
30803115,-16.0375,35.3545,2013,9
30803115,-15.836188,35.073382,2013,8
30803233,-15.983099937439,35.437801361084,2010,3
30803321,-16.0932006835938,35.3204002380371,2011,1
30803321,-16.0932006835938,35.3204002380371,2011,2
30803480,-16.0284996032715,35.4154014587402,2010,11
30804416,-16.0065994262695,35.3219985961914,2010,5
30804416,-16.0066,35.322,2013,5
30804416,-15.952257,35.436905,2013,5
30804416,-16.017386,35.261047,2013,6
30804416,-15.832883,35.002687,2013,6
30804416,-13.956678,33.728664,2013,7
30804416,-15.870002,35.058587,2013,6
30804416,-15.837184,35.048059,2013,7
30804426,-16.0830993652344,35.3311996459961,2010,11
30805259,-15.9650001525879,35.4421005249023,2010,9
30805259,-15.965,35.4421,2013,7
30805259,-13.072591,33.578386,2013,7
30805259,-13.904576,33.769399,2013,9
30805259,-14.414803,34.826512,2013,7
30805259,-16.085984,35.088249,2013,7
30805375,-15.8086004257202,35.4197006225586,2010,8
30805463,-15.864800453186,35.5049018859863,2011,3
30805551,-15.8667001724243,35.4579010009766,2010,5
30806145,-15.6930999755859,35.407398223877,2010,7
30806483,-15.9245004653931,35.3596992492676,2010,10
30806611,-15.8283996582031,35.353199005127,2010,3
30806611,-15.8284,35.3532,2013,4
30806611,-15.994325,35.487081,2013,5
30806630,-15.7058000564575,35.3387985229492,2011,1
30901029,-15.684100151062,35.6521987915039,2010,12
30901054,-15.5762996673584,35.5518989562988,2010,8
30901054,-15.5763,35.5519,2013,6
30901054,-15.481705,35.504399,2013,8
30901054,-15.404472,35.324632,2013,10
30901193,-15.5263004302978,35.6705017089844,2011,2
30901253,-15.6555995941162,35.6861000061035,2010,12
30901275,-15.7348003387451,35.6842002868652,2010,4
30901320,-15.7054996490478,35.6808013916016,2011,1
30901380,-15.6309995651245,35.6973991394043,2010,5
30901409,-15.6964998245239,35.5351982116699,2010,8
30901475,-15.6688995361328,35.5890007019043,2010,6
30901475,-15.6688995361328,35.5890007019043,2010,5
30901475,-15.6689,35.589,2013,6
30901475,-15.6689,35.589,2013,7
30901475,-15.590445,35.615109,2013,7
30901475,-16.010308,35.467776,2013,7
30901475,-14.686171,35.794835,2013,7
30901475,-15.520901,35.654262,2013,7
30901550,-15.7524995803833,35.5485992431641,2010,5
30901569,-15.6647996902466,35.7290992736816,2010,10
30901603,-15.7070999145508,35.6455993652344,2010,7
30901603,-15.7071,35.6456,2013,5
30901715,-15.8614997863769,35.5960998535156,2010,11
30901720,-15.7496004104614,35.632999420166,2011,2
30901732,-15.78600025177,35.6800994873047,2010,9
30901756,-15.5961999893188,35.6271018981934,2011,3
30902236,-15.8131999969482,35.7591018676758,2010,6
30902299,-15.7489995956421,35.7919998168945,2011,1
30902346,-15.8868999481201,35.7840995788574,2010,7
30902425,-15.7538003921509,35.7905006408691,2011,3
30902606,-15.8646001815796,35.8088989257812,2010,12
30903114,-15.5548000335693,35.7946014404297,2010,4
30903528,-15.6297998428345,35.7234001159668,2010,10
30920609,-15.7988996505737,35.6646003723145,2010,11
31001034,-16.5188007354736,34.956600189209,2010,6
31001092,-16.4820003509521,34.7476997375488,2010,11
31001123,-16.3812999725342,34.9281005859375,2011,2
31001228,-16.5282001495361,34.842399597168,2011,3
31001242,-16.3432006835938,34.7745018005371,2010,11
31001333,-16.315299987793,34.6916999816895,2010,4
31001333,-16.3153,34.6917,2013,5
31001647,-16.4270992279053,34.9630012512207,2010,10
31001749,-16.6000003814697,34.9673004150391,2010,9
31001749,-16.6,34.9673,2013,7
31001749,-16.510482,34.990685,2013,7
31001749,-15.844523,35.022847,2013,8
31001749,-16.516117,34.892284,2013,11
31002169,-16.2668991088867,34.8951988220215,2010,3
31002169,-16.2668991088867,34.8951988220215,2010,4
31002169,-16.2669,34.8952,2013,4
31002169,-15.80475,35.027421,2013,5
31002169,-15.768194,35.013493,2013,5
31002169,-16.565765,34.917394,2013,4
31002169,-16.080435,35.211187,2013,5
31002169,-15.513201,35.033593,2013,10
31002169,-15.774343,35.021132,2013,6
31002245,-16.2653999328613,34.8862991333008,2011,1
31002677,-16.2084007263184,34.8672981262207,2010,7
31003100,-15.9902000427246,34.3745994567871,2010,8
31003226,-15.8142995834351,34.3452987670898,2010,10
31003482,-16.0492992401123,34.5415992736816,2011,2
31003759,-16.1833992004394,34.6083984375,2010,4
31004098,-16.1555995941162,34.905101776123,2010,12
31004312,-16.0203990936279,34.9201011657715,2010,9
31004312,-16.0204,34.9201,2013,6
31004312,-16.170324,34.918406,2013,6
31004312,-16.161615,34.956935,2013,6
31004312,-16.062135,34.795216,2013,6
31004312,-16.015236,35.773663,2013,7
31004312,-16.0204,34.9201,2013,9
31005061,-16.0811996459961,34.8525009155273,2011,3
31006284,-16.051700592041,34.8112983703613,2010,12
31006556,-15.8247995376587,34.8375015258789,2010,6
31006556,-15.8248,34.8375,2013,6
31006556,-15.734609,34.82866,2013,6
31006556,-15.834363,34.989494,2013,7
31006556,-15.815667,34.989082,2013,8
31007335,-16.3024005889893,35.0298004150391,2010,7
31007335,-16.3024,35.0298,2013,5
31007335,-13.946509,33.644119,2013,8
31007335,-14.879769,35.713496,2013,9
31007335,-16.25722,34.999771,2013,8
31007335,-16.3024,35.0298,2013,6
31007544,-16.2544002532959,35.0261993408203,2010,3
31007549,-16.1345996856689,34.9357986450195,2010,11
31007645,-16.2082996368408,35.0075988769531,2011,1
31101009,-17.0718002319336,35.2271995544434,2010,5
31101399,-17.0951995849609,35.0917015075684,2010,11
31102266,-17.0133991241455,35.1801986694336,2010,10
31102591,-17.0499992370606,35.1542015075684,2011,3
31102591,-17.0499992370606,35.1542015075684,2011,2
31104086,-16.5088005065918,35.1817016601562,2010,11
31104147,-16.4323005676269,35.2436981201172,2011,1
31104361,-16.4312992095947,35.1841011047363,2010,7
31104496,-16.3514003753662,35.1094017028809,2010,6
31104496,-16.3514003753662,35.1094017028809,2010,5
31104691,-16.372200012207,35.1525993347168,2010,11
31104696,-16.3481998443604,35.1330986022949,2010,4
31105091,-16.7325992584229,35.2081985473633,2010,8
31105091,-16.7325992584229,35.2081985473633,2010,9
31105559,-16.7122001647949,35.2787017822266,2011,2
31105581,-16.8115997314453,35.293399810791,2010,5
31106066,-16.5958003997803,34.9897003173828,2010,9
31106182,-16.6415996551514,35.1260986328125,2011,3
31106519,-16.6205997467041,35.0924987792969,2010,12
31106574,-16.5715999603271,35.1054992675781,2010,6
31106682,-16.5070991516113,35.0553016662598,2010,12
31107406,-16.9715995788574,35.1912002563477,2010,8
31108265,-16.9850006103516,35.1421012878418,2011,1
31108703,-16.9855003356934,35.2499008178711,2010,4
31108703,-16.9855,35.2499,2013,4
31108703,-16.943264,35.262911,2013,4
31108703,-15.782224,35.035944,2013,5
31108703,-16.9855,35.2499,2013,7
31110462,-16.7362995147705,35.0559997558594,2010,10
31120097,-16.9342994689941,35.2535018920898,2010,9
31120218,-16.9398002624512,35.2494010925293,2011,1
31201007,-14.9258003234863,35.0164985656738,2010,4
31201007,-14.9258,35.0165,2013,5
31201007,-15.175732,35.443181,2013,6
31201007,-15.05945,34.913886,2013,9
31201007,-15.850299,35.073392,2013,9
31201058,-15.2827997207642,34.8442993164062,2010,11
31201104,-15.0705995559692,35.1703987121582,2010,9
31201104,-15.0706,35.1704,2013,6
31201104,-13.987969,33.853393,2013,10
31201104,-15.117754,35.229003,2013,7
31201104,-15.397619,34.659009,2013,7
31201104,-14.00581,33.850791,2013,11
31201104,-15.0706,35.1704,2013,7
31201106,-15.0874004364014,35.0901985168457,2010,10
31201197,-15.2300996780396,35.1343002319336,2010,7
31201197,-14.116701,35.220718,2013,9
31201197,-15.2301,35.1343,2013,5
31201197,-14.438343,34.767122,2013,7
31201197,-15.643648,35.039004,2013,7
31201197,-15.496307,35.253862,2013,10
31201197,-14.435815,34.767105,2013,7
31201197,-13.181004,34.266711,2013,11
31201230,-15.1183004379272,34.9319000244141,2010,3
31201234,-15.2960996627808,35.0699005126953,2011,2
31201250,-15.0299997329712,34.9682998657227,2010,12
31201350,-15.0525999069214,34.9193992614746,2011,1
31201516,-14.9533004760742,34.9544982910156,2010,8
31201516,-14.9533,34.9545,2013,6
31201516,-14.9533,34.9545,2013,10
31201516,-13.905525,33.785708,2013,11
31201516,-15.860071,35.055755,2013,11
31201726,-15.0200996398926,35.0774993896484,2010,6
31201747,-15.019100189209,34.9992980957031,2011,3
31201765,-15.2147998809815,34.8956985473633,2010,5
31204138,-15.0073003768921,35.2113990783691,2010,10
31204184,-14.8031997680664,34.997501373291,2011,3
31204209,-14.8782997131348,35.2434997558594,2011,1
31204267,-14.9626998901367,35.2006988525391,2010,4
31204390,-14.8298997879028,35.1235008239746,2010,9
31204410,-14.7510004043579,35.1789016723633,2010,11
31204489,-14.8572998046875,35.1355018615723,2010,12
31204532,-14.8108997344971,35.2514991760254,2010,7
31204618,-14.8873996734619,35.1157989501953,2010,6
31204618,-14.8874,35.1158,2013,7
31204618,-14.8874,35.1158,2013,10
31204618,-14.476344,35.256731,2013,7
31220487,-14.9877004623413,34.9598999023438,2010,8
31220637,-14.981499671936,34.9429016113281,2011,2
31301246,-15.231499671936,34.6021995544434,2010,8
31301304,-15.3435001373291,34.5830993652344,2010,5
31301385,-15.395299911499,34.6506996154785,2010,11
31301560,-15.4567003250122,34.5598983764648,2010,9
31301671,-15.4591999053955,34.5046005249023,2011,3
31301683,-15.2873001098633,34.5946998596191,2011,2
31302162,-15.4659004211426,34.6796989440918,2010,12
31302162,-15.4659004211426,34.6796989440918,2010,11
31302415,-15.6308002471924,34.644100189209,2010,4
31302415,-15.6308002471924,34.644100189209,2010,3
31302578,-15.4489002227783,34.5674018859863,2010,7
31302651,-15.5441999435425,34.6716995239258,2011,1
31302761,-15.5013999938965,34.5945014953613,2010,7
31303067,-15.4288997650147,34.7981986999512,2011,2
31303263,-15.3218002319336,34.9846992492676,2011,2
31303327,-15.4287996292114,34.8176002502441,2010,9
31303467,-15.4411001205444,34.7938003540039,2010,6
31303567,-15.418399810791,34.7535018920898,2010,11
31303585,-15.3514995574951,34.7985000610352,2010,10
31303610,-15.3308000564575,34.8908996582031,2010,9
31303655,-15.5062999725342,34.7785987854004,2010,12
31303757,-15.3812999725342,34.9114990234375,2010,5
31306166,-15.2901000976562,34.7135009765625,2010,7
31306274,-15.3373003005981,34.6857986450195,2011,1
31306500,-15.3826999664307,34.6797981262207,2010,4
31306719,-15.3620004653931,34.7046012878418,2010,10
31431714,-15.3858003616333,35.3092994689941,2010,9
31432279,-15.3745002746582,35.2980003356934,2011,2
31432523,-15.3905000686646,35.2943992614746,2010,9
31432523,-15.3905,35.2944,2013,5
31432523,-15.3905,35.2944,2013,6
31432523,-15.377389,35.217985,2013,9
31432523,-15.3905,35.2944,2013,9
31432523,-15.306683,35.240611,2013,6
31432523,-15.325577,35.218841,2013,5
31432676,-15.3993997573853,35.3126983642578,2010,5
31432676,-15.3993997573853,35.3126983642578,2010,4
31432676,-15.3994,35.3127,2013,5
31432676,-15.445636,35.295663,2013,5
31432676,-13.928598,33.743316,2013,8
31432676,-15.461374,35.29429,2013,5
31432676,-15.3994,35.3127,2013,6
31432676,-15.438391,34.799261,2013,9
31432676,-15.431413,35.288517,2013,5
31432676,-14.79321,34.618656,2013,10
31434099,-15.378399848938,35.3493003845215,2010,11
31435120,-15.3787002563477,35.342098236084,2010,9
31435120,-10.075571,33.989468,2013,7
31435120,-15.3787,35.3421,2013,6
31435120,-14.630211,35.196507,2013,7
31435120,-16.934744,35.248479,2013,8
31435120,-13.979714,33.80128,2013,10
31435120,-15.3787,35.3421,2013,10
31435120,-15.31332,35.469155,2013,7
31435120,-15.355868,35.211555,2013,8
31435120,-15.3787,35.3421,2013,7
31435120,-14.02203,33.756212,2013,9
31435149,-15.3774995803833,35.3721008300781,2010,10
31435423,-15.3787002563477,35.342700958252,2011,3
31435753,-15.3736000061035,35.3643989562988,2010,7
31435753,-15.3736,35.3644,2013,7
31435753,-15.181424,35.400414,2013,7
31435753,-15.163906,35.460515,2013,7
31435753,-15.221772,35.354354,2013,7
31435753,-15.26024,35.379301,2013,7
31435753,-14.852553,35.218615,2013,11
31436063,-15.377799987793,35.3540992736816,2011,1
31436695,-15.3887996673584,35.3576011657715,2010,4
31436695,-15.3888,35.3576,2013,4
31436695,-15.3888,35.3576,2013,10
31436695,-13.898714,33.772202,2013,5
31436695,-15.464795,35.415236,2013,7
31436695,-15.786311,34.970737,2013,5
31436695,-14.018922,33.384169,2013,5
31436695,-15.225028,35.442548,2013,4
31436695,-15.805679,34.990508,2013,5
31436695,-13.730211,33.41237,2013,10
31436695,-14.009873,33.815356,2013,5
31436695,-13.762379,33.818191,2013,5
31436695,-13.979231,33.74432,2013,11
31438563,-15.4104995727539,35.3115005493164,2010,4
31438622,-15.3870000839233,35.3259010314941,2011,2
31438689,-15.4034004211426,35.3205986022949,2010,9
31438689,-15.4034004211426,35.3205986022949,2010,8
31438690,-15.4001998901367,35.3404998779297,2010,7
31438690,-15.4001998901367,35.3404998779297,2010,8
31438690,-15.4002,35.3405,2013,5
31438690,-15.637766,35.759009,2013,9
31438690,-15.483881,35.297535,2013,5
31439102,-15.3992004394531,35.3184013366699,2010,9
31439102,-15.3992,35.3184,2013,6
31439102,-15.3992,35.3184,2013,7
31439102,-15.841457,35.049213,2013,9
31439102,-15.311942,35.227158,2013,6
31439102,-15.3992,35.3184,2013,9
31439102,-15.3992,35.3184,2013,8
31439102,-15.391802,35.236262,2013,6
31439102,-15.241631,35.384883,2013,6
31439102,-14.966886,35.398579,2013,7
31439102,-15.3992,35.3184,2013,10
31439102,-15.398126,34.650086,2013,11
31440002,-15.393500328064,35.3158988952637,2010,12
31440152,-15.3893003463745,35.3166007995605,2011,3
31441389,-15.3990001678467,35.320499420166,2010,6
31441389,-15.399,35.3205,2013,7
31441389,-15.81351,35.082111,2013,8
31441389,-15.49766,35.363599,2013,7
31441389,-15.815239,35.017508,2013,8
31441389,-13.908851,33.75761,2013,9
31441389,-13.796891,32.895182,2013,10
31441389,-15.555697,34.692382,2013,8
31441389,-15.821102,35.068773,2013,8
31442200,-15.4093999862671,35.3087005615234,2010,10
31442394,-15.4130001068115,35.3114013671875,2010,9
31442394,-15.507427,35.167488,2013,7
31442394,-15.413,35.3114,2013,7
31442394,-11.014392,33.858825,2013,10
31442394,-13.960826,33.767082,2013,10
31442394,-13.578943,33.515972,2013,11
31442394,-11.442244,33.993624,2013,10
31442394,-14.029393,33.777572,2013,11
31442394,-16.234545,34.850633,2013,11
31442394,-15.875842,34.780113,2013,9
31442616,-15.4160003662109,35.323600769043,2011,1
31443108,-15.382399559021,35.3423004150391,2010,4
31443108,-15.3824,35.3423,2013,5
31443108,-13.33886,33.906542,2013,5
31443108,-15.592524,35.22314,2013,9
31443108,-15.615479,35.212147,2013,9
31443108,-15.3824,35.3423,2013,6
31443108,-13.677441,34.845703,2013,8
31443108,-9.49923,33.183636,2013,5
31443108,-13.952059,33.771178,2013,7
31443270,-15.4041996002197,35.3314018249512,2010,7
31443270,-15.4042,35.3314,2013,5
31443270,-15.372149,35.169389,2013,5
31443270,-15.841818,34.984121,2013,9
31531161,-15.7487001419067,34.9957008361816,2011,2
31531303,-15.7518997192383,35.0037002563477,2010,11
31532674,-15.7307996749878,35.0713005065918,2010,5
31532674,-15.7308,35.0713,2013,6
31532674,-15.623224,35.061462,2013,9
31532674,-15.7308,35.0713,2013,9
31532674,-16.018512,35.464713,2013,7
31532674,-13.993761,33.799715,2013,10
31532674,-14.481885,35.235588,2013,9
31532674,-16.248542,35.171626,2013,7
31532674,-15.914324,34.961249,2013,9
31533095,-15.7925996780396,35.0838012695312,2010,9
31533095,-15.7926,35.0838,2013,10
31533095,-15.7926,35.0838,2013,11
31533095,-15.7926,35.0838,2013,6
31533095,-15.791256,35.15837,2013,7
31533095,-15.648838,35.241741,2013,7
31533095,-14.894135,35.573125,2013,7
31533095,-14.733947,35.465467,2013,7
31533095,-15.64535,35.149365,2013,7
31534553,-15.7792997360229,35.0761985778809,2010,12
31535633,-15.7784004211426,35.0349998474121,2011,3
31536118,-15.7776002883911,35.0401992797852,2010,9
31536118,-15.7776,35.0402,2013,7
31536118,-15.590474,35.096174,2013,7
31536118,-15.209715,35.372307,2013,8
31536257,-15.7833003997803,35.0270004272461,2010,10
31536751,-15.7545003890991,35.0446014404297,2010,6
31536751,-15.7545,35.0446,2013,6
31536751,-15.7545,35.0446,2013,7
31536751,-15.004106,35.059766,2013,11
31536751,-16.104966,35.474296,2013,8
31536751,-16.244051,35.035512,2013,11
31536751,-15.7545,35.0446,2013,10
31538278,-15.7679996490478,35.0304985046387,2011,1
31539670,-15.7694997787476,34.996898651123,2010,4
31539670,-15.7695,34.9969,2013,4
31539670,-15.707903,35.53629,2013,5
31539670,-14.851654,35.170492,2013,7
31539670,-13.036193,33.490612,2013,7
31539670,-16.01637,35.713838,2013,8
31540003,-15.7658996582031,34.9859008789062,2010,11
31540419,-15.7536001205444,34.9929008483887,2010,7
31540419,-15.7536,34.9929,2013,5
31540419,-15.719515,35.01206,2013,5
31540419,-14.485538,35.258561,2013,10
31540419,-13.931005,33.773814,2013,11
31540419,-15.834211,35.043033,2013,5
31540419,-15.708551,35.0527,2013,5
31540419,-16.037822,35.384394,2013,9
31540419,-15.849072,35.097632,2013,8
31540419,-15.836781,35.006549,2013,5
31540419,-14.786876,34.696348,2013,7
31540419,-15.730987,35.03394,2013,5
31540419,-16.053343,35.271643,2013,9
31540419,-11.387758,33.857272,2013,6
31541183,-15.8156003952026,34.9859008789062,2011,2
31545384,-15.8105001449585,35.0913009643555,2010,5
31545384,-15.8105,35.0913,2013,5
31545384,-16.280007,35.126179,2013,7
31545384,-15.8105,35.0913,2013,6
31545384,-15.823102,35.380625,2013,8
31545384,-15.783138,35.337909,2013,8
31545384,-15.8105,35.0913,2013,9
31545384,-15.8105,35.0913,2013,8
31545384,-15.8105,35.0913,2013,7
31545384,-14.822427,34.788532,2013,8
31545384,-15.8105,35.0913,2013,10
31545384,-15.833077,35.056882,2013,6
31545384,-14.812177,35.469722,2013,9
31545384,-13.995131,33.814894,2013,9
31546760,-15.8233995437622,35.0885009765625,2010,8
31546760,-15.8234,35.0885,2013,6
31546760,-15.885816,35.059653,2013,7
31546760,-15.737736,35.063467,2013,6
31546760,-15.8234,35.0885,2013,7
31546760,-15.876414,35.098119,2013,6
31546760,-15.845963,35.249415,2013,9
31547429,-15.8406000137329,35.0910987854004,2010,12
31548148,-15.8362998962402,35.0668983459473,2011,3
31550254,-15.8086004257202,35.057201385498,2010,5
31550254,-15.8086,35.0572,2013,6
31550254,-15.906184,35.101084,2013,12
31550254,-13.971329,33.762392,2013,8
31550254,-13.895256,33.76593,2013,8
31550254,-15.386572,35.3146,2013,8
31550254,-15.738503,35.014054,2013,7
31552612,-15.8194999694824,35.0145988464355,2010,11
31552686,-15.8213996887207,35.0129013061523,2010,9
31552686,-15.8214,35.0129,2013,7
31552686,-16.250927,34.92637,2013,8
31552686,-16.237161,34.914407,2013,9
31552686,-14.019787,33.704314,2013,11
31553237,-15.8201999664307,34.9934005737305,2011,1
31554613,-15.8270998001099,35.0484008789062,2010,4
31554613,-15.8271,35.0484,2013,4
31554613,-15.967406,35.465482,2013,8
31554613,-15.387234,35.390029,2013,5
31554613,-13.90976,33.770379,2013,5
31554613,-15.647551,35.028091,2013,4
31554613,-15.796125,35.108204,2013,4
31555614,-15.8551998138428,35.0736999511719,2010,8
31555614,-15.988499,35.363592,2013,10
31555614,-15.8552,35.0737,2013,5
31555614,-15.8552,35.0737,2013,6
31555614,-13.923959,33.734292,2013,7
31555614,-16.024609,35.478691,2013,7
