"ea_id","FNID"
30201076,"MW2012C3999918"
30601190,"MW2012C3999918"
30901732,"MW2012C3999918"
30920609,"MW2012C3999918"
31001333,"MW2012C3999918"
31003100,"MW2012C3999918"
31003759,"MW2012C3999918"
31110462,"MW2012C3999918"
10304012,"MW2012C3999918"
10405213,"MW2012C3999918"
10734370,"MW2012C3999918"
10741504,"MW2012C3999918"
20106042,"MW2012C3999918"
30801679,"MW2012C3999918"
31001333,"MW2012C3999918"
21051203,"MW2012C3999918"
31001749,"MW2012C3999918"
30501020,"MW2012C3030519"
30507667,"MW2012C3030519"
31531161,"MW2012C3030519"
31531303,"MW2012C3030519"
31532674,"MW2012C3030519"
31533095,"MW2012C3030519"
31534553,"MW2012C3030519"
31535633,"MW2012C3030519"
31536118,"MW2012C3030519"
31536257,"MW2012C3030519"
31536751,"MW2012C3030519"
31538278,"MW2012C3030519"
31539670,"MW2012C3030519"
31540419,"MW2012C3030519"
31545384,"MW2012C3030519"
31546760,"MW2012C3030519"
31550254,"MW2012C3030519"
10733640,"MW2012C3030519"
20402198,"MW2012C3030519"
20603533,"MW2012C3030519"
20906524,"MW2012C3030519"
20903583,"MW2012C3030519"
21048764,"MW2012C3030519"
21053745,"MW2012C3030519"
21077725,"MW2012C3030519"
30108401,"MW2012C3030519"
30202252,"MW2012C3030519"
30306555,"MW2012C3030519"
30306087,"MW2012C3030519"
30503685,"MW2012C3030519"
30403444,"MW2012C3030519"
30704313,"MW2012C3030519"
30706619,"MW2012C3030519"
30620196,"MW2012C3030519"
30620196,"MW2012C3030519"
30703381,"MW2012C3030519"
30709438,"MW2012C3030519"
30801672,"MW2012C3030519"
31002169,"MW2012C3030519"
31002169,"MW2012C3030519"
31002169,"MW2012C3030519"
31108703,"MW2012C3030519"
31441389,"MW2012C3030519"
31441389,"MW2012C3030519"
31441389,"MW2012C3030519"
31533095,"MW2012C3030519"
31532674,"MW2012C3030519"
31536118,"MW2012C3030519"
31536751,"MW2012C3030519"
31540419,"MW2012C3030519"
31540419,"MW2012C3030519"
31540419,"MW2012C3030519"
31540419,"MW2012C3030519"
31539670,"MW2012C3030519"
31546760,"MW2012C3030519"
31546760,"MW2012C3030519"
31545384,"MW2012C3030519"
31550254,"MW2012C3030519"
31550254,"MW2012C3030519"
31554613,"MW2012C3030519"
10308636,"MW2012C3030519"
10502268,"MW2012C3030519"
20508349,"MW2012C3030519"
21037536,"MW2012C3030519"
21055241,"MW2012C3030519"
30105325,"MW2012C3030519"
30302601,"MW2012C3030519"
30406710,"MW2012C3030519"
30504518,"MW2012C3030519"
30704313,"MW2012C3030519"
30704313,"MW2012C3030519"
30602235,"MW2012C3030519"
30620196,"MW2012C3030519"
30705391,"MW2012C3030519"
30709438,"MW2012C3030519"
30709438,"MW2012C3030519"
31201007,"MW2012C3030519"
31443270,"MW2012C3030519"
31443270,"MW2012C3030519"
31532674,"MW2012C3030519"
31539670,"MW2012C3030519"
31550254,"MW2012C3030519"
30501359,"MW2012C3030506"
30501566,"MW2012C3030506"
30502418,"MW2012C3030506"
30502456,"MW2012C3030506"
30503214,"MW2012C3030506"
30503292,"MW2012C3030506"
30503685,"MW2012C3030506"
30504251,"MW2012C3030506"
30504518,"MW2012C3030506"
30505180,"MW2012C3030506"
30506017,"MW2012C3030506"
30506031,"MW2012C3030506"
30506457,"MW2012C3030506"
30506748,"MW2012C3030506"
31006556,"MW2012C3030506"
31303757,"MW2012C3030506"
30503685,"MW2012C3030506"
30503685,"MW2012C3030506"
30504518,"MW2012C3030506"
30502456,"MW2012C3030506"
30502456,"MW2012C3030506"
30502456,"MW2012C3030506"
31002169,"MW2012C3030506"
31006556,"MW2012C3030506"
31006556,"MW2012C3030506"
31536118,"MW2012C3030506"
31532674,"MW2012C3030506"
21080308,"MW2012C3030506"
30501383,"MW2012C3030506"
31002169,"MW2012C3030506"
31546760,"MW2012C3030506"
31001034,"MW2012C3031005"
31001092,"MW2012C3031005"
31001123,"MW2012C3031005"
31001228,"MW2012C3031005"
31001242,"MW2012C3031005"
31001647,"MW2012C3031005"
31001749,"MW2012C3031005"
31002169,"MW2012C3031005"
31002245,"MW2012C3031005"
31002677,"MW2012C3031005"
31003226,"MW2012C3031005"
31003482,"MW2012C3031005"
31004098,"MW2012C3031005"
31005061,"MW2012C3031005"
31006284,"MW2012C3031005"
31007335,"MW2012C3031005"
31007544,"MW2012C3031005"
31007549,"MW2012C3031005"
31007645,"MW2012C3031005"
20508349,"MW2012C3031005"
20908088,"MW2012C3031005"
30102028,"MW2012C3031005"
30103074,"MW2012C3031005"
30711684,"MW2012C3031005"
31001749,"MW2012C3031005"
31001749,"MW2012C3031005"
31001749,"MW2012C3031005"
31004312,"MW2012C3031005"
31004312,"MW2012C3031005"
31004312,"MW2012C3031005"
31007335,"MW2012C3031005"
31007335,"MW2012C3031005"
31002169,"MW2012C3031005"
31002169,"MW2012C3031005"
31442394,"MW2012C3031005"
31442394,"MW2012C3031005"
31536751,"MW2012C3031005"
31552686,"MW2012C3031005"
31552686,"MW2012C3031005"
30803115,"MW2012C3031005"
31001749,"MW2012C3031005"
31001749,"MW2012C3031005"
31004312,"MW2012C3031005"
31002169,"MW2012C3031005"
31539670,"MW2012C3031005"
31539670,"MW2012C3031005"
30403444,"MW2012C3030404"
30404093,"MW2012C3030404"
30404458,"MW2012C3030404"
30404493,"MW2012C3030404"
30403444,"MW2012C3030404"
31546760,"MW2012C3030404"
10101562,"MW2012C3010107"
10102004,"MW2012C3010107"
10102379,"MW2012C3010107"
10102621,"MW2012C3010107"
10202195,"MW2012C3010107"
10101562,"MW2012C3010107"
10102004,"MW2012C3010107"
10744649,"MW2012C3010107"
21037536,"MW2012C3010107"
10101016,"MW2012C3010102"
10101204,"MW2012C3010102"
10101215,"MW2012C3010102"
10101219,"MW2012C3010102"
10101355,"MW2012C3010102"
10101374,"MW2012C3010102"
10101470,"MW2012C3010102"
10101568,"MW2012C3010102"
10101706,"MW2012C3010102"
10103414,"MW2012C3010102"
10103452,"MW2012C3010102"
10103681,"MW2012C3010102"
10104150,"MW2012C3010102"
10104351,"MW2012C3010102"
10104440,"MW2012C3010102"
10105352,"MW2012C3010102"
10105511,"MW2012C3010102"
10105513,"MW2012C3010102"
10120286,"MW2012C3010102"
10120288,"MW2012C3010102"
10101215,"MW2012C3010102"
10101562,"MW2012C3010102"
10101562,"MW2012C3010102"
10101215,"MW2012C3010102"
10101562,"MW2012C3010102"
10101016,"MW2012C3010102"
10101204,"MW2012C3010102"
10101204,"MW2012C3010102"
10103414,"MW2012C3010102"
10102004,"MW2012C3010102"
10104150,"MW2012C3010102"
10104150,"MW2012C3010102"
10203176,"MW2012C3010102"
10401522,"MW2012C3010102"
10401140,"MW2012C3010102"
10732192,"MW2012C3010102"
10735173,"MW2012C3010102"
20601141,"MW2012C3010102"
31443108,"MW2012C3010102"
10101215,"MW2012C3010102"
10101215,"MW2012C3010102"
10103414,"MW2012C3010102"
10103414,"MW2012C3010102"
10732192,"MW2012C3010102"
20807728,"MW2012C3020815"
20801046,"MW2012C3020803"
20801208,"MW2012C3020803"
20801271,"MW2012C3020803"
20801356,"MW2012C3020803"
20801497,"MW2012C3020803"
20802019,"MW2012C3020803"
20802041,"MW2012C3020803"
20802501,"MW2012C3020803"
20803155,"MW2012C3020803"
20803156,"MW2012C3020803"
20803503,"MW2012C3020803"
20803599,"MW2012C3020803"
20803731,"MW2012C3020803"
20804405,"MW2012C3020803"
20804768,"MW2012C3020803"
20805345,"MW2012C3020803"
20806131,"MW2012C3020803"
20806546,"MW2012C3020803"
20806716,"MW2012C3020803"
20808421,"MW2012C3020803"
20820318,"MW2012C3020803"
10401140,"MW2012C3020803"
10507344,"MW2012C3020803"
10744649,"MW2012C3020803"
20110620,"MW2012C3020803"
20113112,"MW2012C3020803"
20508349,"MW2012C3020803"
20601626,"MW2012C3020803"
20601626,"MW2012C3020803"
20801046,"MW2012C3020803"
20802019,"MW2012C3020803"
20802019,"MW2012C3020803"
20802019,"MW2012C3020803"
20803156,"MW2012C3020803"
20804405,"MW2012C3020803"
20804405,"MW2012C3020803"
20804768,"MW2012C3020803"
20806131,"MW2012C3020803"
20804768,"MW2012C3020803"
20804768,"MW2012C3020803"
20808421,"MW2012C3020803"
20909113,"MW2012C3020803"
20908088,"MW2012C3020803"
21037536,"MW2012C3020803"
21051203,"MW2012C3020803"
21051203,"MW2012C3020803"
21052427,"MW2012C3020803"
21066339,"MW2012C3020803"
21077725,"MW2012C3020803"
21080308,"MW2012C3020803"
21087531,"MW2012C3020803"
20601626,"MW2012C3020803"
20610050,"MW2012C3020803"
20610050,"MW2012C3020803"
20803156,"MW2012C3020803"
20804405,"MW2012C3020803"
20804405,"MW2012C3020803"
20807727,"MW2012C3020803"
20808421,"MW2012C3020803"
20909113,"MW2012C3020803"
21037536,"MW2012C3020803"
21055241,"MW2012C3020803"
21086069,"MW2012C3020803"
30105325,"MW2012C3020803"
20401171,"MW2012C3020403"
20401627,"MW2012C3020403"
20401737,"MW2012C3020403"
20402045,"MW2012C3020403"
20402072,"MW2012C3020403"
20402198,"MW2012C3020403"
20402201,"MW2012C3020403"
20402298,"MW2012C3020403"
20403049,"MW2012C3020403"
20403668,"MW2012C3020403"
20403697,"MW2012C3020403"
20404032,"MW2012C3020403"
20404509,"MW2012C3020403"
20404575,"MW2012C3020403"
20404660,"MW2012C3020403"
20405132,"MW2012C3020403"
20405366,"MW2012C3020403"
20405704,"MW2012C3020403"
20406177,"MW2012C3020403"
20406348,"MW2012C3020403"
20406598,"MW2012C3020403"
20407398,"MW2012C3020403"
20407481,"MW2012C3020403"
20421229,"MW2012C3020403"
10101562,"MW2012C3020403"
10201688,"MW2012C3020403"
10736596,"MW2012C3020403"
10736596,"MW2012C3020403"
20111718,"MW2012C3020403"
20303065,"MW2012C3020403"
20402198,"MW2012C3020403"
20404032,"MW2012C3020403"
20402198,"MW2012C3020403"
20402198,"MW2012C3020403"
20404032,"MW2012C3020403"
20404575,"MW2012C3020403"
20405366,"MW2012C3020403"
20407398,"MW2012C3020403"
20407481,"MW2012C3020403"
20407481,"MW2012C3020403"
20407481,"MW2012C3020403"
20601626,"MW2012C3020403"
20601626,"MW2012C3020403"
20601141,"MW2012C3020403"
20607315,"MW2012C3020403"
20607315,"MW2012C3020403"
20614477,"MW2012C3020403"
21037536,"MW2012C3020403"
21037536,"MW2012C3020403"
21048764,"MW2012C3020403"
21052427,"MW2012C3020403"
21052427,"MW2012C3020403"
21055693,"MW2012C3020403"
21086436,"MW2012C3020403"
21086436,"MW2012C3020403"
31442394,"MW2012C3020403"
31436695,"MW2012C3020403"
20111718,"MW2012C3020403"
20112661,"MW2012C3020403"
20404575,"MW2012C3020403"
20407481,"MW2012C3020403"
20407481,"MW2012C3020403"
20407481,"MW2012C3020403"
20407398,"MW2012C3020403"
20407398,"MW2012C3020403"
21037536,"MW2012C3020403"
21048764,"MW2012C3020403"
21055693,"MW2012C3020403"
21086436,"MW2012C3020403"
21086436,"MW2012C3020403"
31002169,"MW2012C3020403"
10204101,"MW2012C3010209"
10204322,"MW2012C3010209"
10204453,"MW2012C3010209"
10204586,"MW2012C3010209"
10204723,"MW2012C3010209"
10205202,"MW2012C3010209"
10205507,"MW2012C3010209"
10201688,"MW2012C3010209"
10204586,"MW2012C3010209"
10204586,"MW2012C3010209"
10203744,"MW2012C3010209"
10203744,"MW2012C3010209"
10204322,"MW2012C3010209"
10204322,"MW2012C3010209"
10204322,"MW2012C3010209"
10220103,"MW2012C3010209"
10401522,"MW2012C3010209"
10404186,"MW2012C3010209"
10741504,"MW2012C3010209"
10203013,"MW2012C3010201"
10203176,"MW2012C3010201"
10203221,"MW2012C3010201"
10203623,"MW2012C3010201"
10203744,"MW2012C3010201"
10220027,"MW2012C3010201"
10220103,"MW2012C3010201"
10220521,"MW2012C3010201"
10220705,"MW2012C3010201"
10101215,"MW2012C3010201"
10102004,"MW2012C3010201"
10102004,"MW2012C3010201"
10201688,"MW2012C3010201"
10203176,"MW2012C3010201"
10202514,"MW2012C3010201"
10203176,"MW2012C3010201"
10203744,"MW2012C3010201"
10203744,"MW2012C3010201"
10204586,"MW2012C3010201"
10220705,"MW2012C3010201"
10204322,"MW2012C3010201"
10220103,"MW2012C3010201"
10405213,"MW2012C3010201"
10404186,"MW2012C3010201"
10734370,"MW2012C3010201"
31435120,"MW2012C3010201"
21066339,"MW2012C3010201"
21066339,"MW2012C3010201"
30403444,"MW2012C3010201"
10201137,"MW2012C3010210"
10201210,"MW2012C3010210"
10201247,"MW2012C3010210"
10201442,"MW2012C3010210"
10201688,"MW2012C3010210"
10202514,"MW2012C3010210"
10203085,"MW2012C3010210"
10201688,"MW2012C3010210"
10201688,"MW2012C3010210"
10202514,"MW2012C3010210"
10202514,"MW2012C3010210"
10203176,"MW2012C3010210"
10204322,"MW2012C3010210"
10220103,"MW2012C3010210"
10735173,"MW2012C3010210"
20607315,"MW2012C3010210"
20607260,"MW2012C3010210"
10101215,"MW2012C3010210"
20101014,"MW2012C3020103"
20101387,"MW2012C3020103"
20102311,"MW2012C3020103"
20103365,"MW2012C3020103"
20105073,"MW2012C3020103"
20105181,"MW2012C3020103"
20106042,"MW2012C3020103"
20107490,"MW2012C3020103"
20107615,"MW2012C3020103"
20108739,"MW2012C3020103"
20109486,"MW2012C3020103"
20109653,"MW2012C3020103"
20110170,"MW2012C3020103"
20110620,"MW2012C3020103"
20111107,"MW2012C3020103"
20111530,"MW2012C3020103"
20111718,"MW2012C3020103"
20112290,"MW2012C3020103"
20112334,"MW2012C3020103"
20112661,"MW2012C3020103"
20113112,"MW2012C3020103"
20113529,"MW2012C3020103"
20115434,"MW2012C3020103"
20120081,"MW2012C3020103"
10220705,"MW2012C3020103"
10304012,"MW2012C3020103"
10304012,"MW2012C3020103"
10507175,"MW2012C3020103"
10507344,"MW2012C3020103"
10507175,"MW2012C3020103"
10507344,"MW2012C3020103"
10734370,"MW2012C3020103"
10736596,"MW2012C3020103"
10741504,"MW2012C3020103"
20106042,"MW2012C3020103"
20110620,"MW2012C3020103"
20110620,"MW2012C3020103"
20106042,"MW2012C3020103"
20110620,"MW2012C3020103"
20106042,"MW2012C3020103"
20106042,"MW2012C3020103"
20111718,"MW2012C3020103"
20112661,"MW2012C3020103"
20111718,"MW2012C3020103"
20111718,"MW2012C3020103"
20111718,"MW2012C3020103"
20112661,"MW2012C3020103"
20115434,"MW2012C3020103"
20113112,"MW2012C3020103"
20115434,"MW2012C3020103"
20113112,"MW2012C3020103"
20115434,"MW2012C3020103"
20113112,"MW2012C3020103"
20113112,"MW2012C3020103"
20305301,"MW2012C3020103"
20404032,"MW2012C3020103"
20407398,"MW2012C3020103"
20407481,"MW2012C3020103"
20507089,"MW2012C3020103"
20601626,"MW2012C3020103"
20607315,"MW2012C3020103"
20607315,"MW2012C3020103"
20615735,"MW2012C3020103"
20615064,"MW2012C3020103"
20615064,"MW2012C3020103"
21077725,"MW2012C3020103"
30805259,"MW2012C3020103"
31539670,"MW2012C3020103"
20111718,"MW2012C3020103"
20111718,"MW2012C3020103"
20111718,"MW2012C3020103"
20111718,"MW2012C3020103"
20111718,"MW2012C3020103"
20111718,"MW2012C3020103"
20111718,"MW2012C3020103"
20112661,"MW2012C3020103"
20112661,"MW2012C3020103"
20111718,"MW2012C3020103"
20111718,"MW2012C3020103"
20112661,"MW2012C3020103"
20112661,"MW2012C3020103"
20205207,"MW2012C3020103"
20407398,"MW2012C3020103"
20407398,"MW2012C3020103"
20615064,"MW2012C3020103"
20705372,"MW2012C3020103"
20705372,"MW2012C3020103"
20807727,"MW2012C3020103"
21048764,"MW2012C3020103"
21055241,"MW2012C3020103"
21055241,"MW2012C3020103"
31441389,"MW2012C3020103"
20611336,"MW2012C3020619"
21031643,"MW2012C3020619"
21037030,"MW2012C3020619"
21037224,"MW2012C3020619"
21037536,"MW2012C3020619"
21038392,"MW2012C3020619"
21038763,"MW2012C3020619"
21048764,"MW2012C3020619"
21051203,"MW2012C3020619"
21051517,"MW2012C3020619"
21052427,"MW2012C3020619"
21052642,"MW2012C3020619"
21053745,"MW2012C3020619"
21055165,"MW2012C3020619"
21055693,"MW2012C3020619"
21056222,"MW2012C3020619"
21066096,"MW2012C3020619"
21066339,"MW2012C3020619"
21069400,"MW2012C3020619"
21074510,"MW2012C3020619"
21077725,"MW2012C3020619"
21079006,"MW2012C3020619"
21080308,"MW2012C3020619"
21080755,"MW2012C3020619"
21081573,"MW2012C3020619"
21087057,"MW2012C3020619"
21087531,"MW2012C3020619"
10101562,"MW2012C3020619"
10304012,"MW2012C3020619"
10510388,"MW2012C3020619"
10733640,"MW2012C3020619"
10733640,"MW2012C3020619"
10733640,"MW2012C3020619"
10732192,"MW2012C3020619"
10733640,"MW2012C3020619"
20115434,"MW2012C3020619"
20405366,"MW2012C3020619"
20601626,"MW2012C3020619"
20508349,"MW2012C3020619"
20601626,"MW2012C3020619"
20508349,"MW2012C3020619"
20607315,"MW2012C3020619"
20610050,"MW2012C3020619"
20614477,"MW2012C3020619"
20804405,"MW2012C3020619"
20906524,"MW2012C3020619"
21037030,"MW2012C3020619"
21037030,"MW2012C3020619"
21037536,"MW2012C3020619"
21037030,"MW2012C3020619"
21051203,"MW2012C3020619"
21048764,"MW2012C3020619"
21053745,"MW2012C3020619"
21052427,"MW2012C3020619"
21055241,"MW2012C3020619"
21055693,"MW2012C3020619"
21055241,"MW2012C3020619"
21066096,"MW2012C3020619"
21066339,"MW2012C3020619"
21066339,"MW2012C3020619"
21066339,"MW2012C3020619"
21077725,"MW2012C3020619"
21077725,"MW2012C3020619"
21074510,"MW2012C3020619"
21077725,"MW2012C3020619"
21077725,"MW2012C3020619"
21081573,"MW2012C3020619"
21081573,"MW2012C3020619"
21080308,"MW2012C3020619"
21080308,"MW2012C3020619"
21080308,"MW2012C3020619"
21087531,"MW2012C3020619"
30102540,"MW2012C3020619"
30206572,"MW2012C3020619"
30302601,"MW2012C3020619"
30709438,"MW2012C3020619"
30805259,"MW2012C3020619"
31201516,"MW2012C3020619"
31201104,"MW2012C3020619"
31435120,"MW2012C3020619"
31435120,"MW2012C3020619"
31432676,"MW2012C3020619"
31436695,"MW2012C3020619"
31442394,"MW2012C3020619"
31442394,"MW2012C3020619"
31436695,"MW2012C3020619"
31436695,"MW2012C3020619"
31441389,"MW2012C3020619"
31443108,"MW2012C3020619"
31532674,"MW2012C3020619"
31540419,"MW2012C3020619"
31545384,"MW2012C3020619"
31550254,"MW2012C3020619"
31550254,"MW2012C3020619"
31555614,"MW2012C3020619"
31554613,"MW2012C3020619"
10732192,"MW2012C3020619"
10734370,"MW2012C3020619"
10735173,"MW2012C3020619"
20206362,"MW2012C3020619"
20206362,"MW2012C3020619"
20404032,"MW2012C3020619"
20601626,"MW2012C3020619"
20508349,"MW2012C3020619"
20601626,"MW2012C3020619"
20601626,"MW2012C3020619"
20603533,"MW2012C3020619"
20607315,"MW2012C3020619"
20610050,"MW2012C3020619"
20610050,"MW2012C3020619"
20614477,"MW2012C3020619"
20615064,"MW2012C3020619"
20804405,"MW2012C3020619"
20909113,"MW2012C3020619"
21037030,"MW2012C3020619"
21037030,"MW2012C3020619"
21037536,"MW2012C3020619"
21051203,"MW2012C3020619"
21048764,"MW2012C3020619"
21048764,"MW2012C3020619"
21055241,"MW2012C3020619"
21055241,"MW2012C3020619"
21055693,"MW2012C3020619"
21066096,"MW2012C3020619"
21080308,"MW2012C3020619"
21080308,"MW2012C3020619"
21080308,"MW2012C3020619"
30306555,"MW2012C3020619"
31201007,"MW2012C3020619"
31435753,"MW2012C3020619"
20701527,"MW2012C3020703"
20701659,"MW2012C3020703"
20702011,"MW2012C3020703"
20702282,"MW2012C3020703"
20702464,"MW2012C3020703"
20702471,"MW2012C3020703"
20702542,"MW2012C3020703"
20703025,"MW2012C3020703"
20703083,"MW2012C3020703"
20703316,"MW2012C3020703"
20703565,"MW2012C3020703"
20703595,"MW2012C3020703"
20704037,"MW2012C3020703"
20704289,"MW2012C3020703"
20704353,"MW2012C3020703"
20704738,"MW2012C3020703"
20705328,"MW2012C3020703"
20705372,"MW2012C3020703"
20705495,"MW2012C3020703"
20705652,"MW2012C3020703"
20705657,"MW2012C3020703"
20706163,"MW2012C3020703"
20706294,"MW2012C3020703"
20720368,"MW2012C3020703"
10401140,"MW2012C3020703"
20111718,"MW2012C3020703"
20601626,"MW2012C3020703"
20604638,"MW2012C3020703"
20607260,"MW2012C3020703"
20614477,"MW2012C3020703"
20702471,"MW2012C3020703"
20704738,"MW2012C3020703"
20704738,"MW2012C3020703"
20704738,"MW2012C3020703"
20704738,"MW2012C3020703"
20704738,"MW2012C3020703"
20705372,"MW2012C3020703"
20705372,"MW2012C3020703"
20705372,"MW2012C3020703"
20706163,"MW2012C3020703"
21051203,"MW2012C3020703"
21053745,"MW2012C3020703"
21052427,"MW2012C3020703"
21074510,"MW2012C3020703"
30503685,"MW2012C3020703"
31441389,"MW2012C3020703"
20112661,"MW2012C3020703"
20614477,"MW2012C3020703"
20615735,"MW2012C3020703"
20705372,"MW2012C3020703"
20705372,"MW2012C3020703"
20705372,"MW2012C3020703"
20808421,"MW2012C3020703"
30801300,"MW2012C3030816"
30801305,"MW2012C3030816"
30801386,"MW2012C3030816"
30801631,"MW2012C3030816"
30801679,"MW2012C3030816"
30802036,"MW2012C3030816"
30802485,"MW2012C3030816"
30802579,"MW2012C3030816"
21055241,"MW2012C3030816"
30302601,"MW2012C3030816"
30708665,"MW2012C3030816"
30708665,"MW2012C3030816"
30710079,"MW2012C3030816"
30801679,"MW2012C3030816"
30806611,"MW2012C3030816"
30901475,"MW2012C3030816"
31004312,"MW2012C3030816"
31532674,"MW2012C3030816"
31536751,"MW2012C3030816"
31539670,"MW2012C3030816"
31555614,"MW2012C3030816"
20601626,"MW2012C3030816"
21055241,"MW2012C3030816"
30708665,"MW2012C3030816"
30708665,"MW2012C3030816"
30801679,"MW2012C3030816"
30705391,"MW2012C3030816"
30806611,"MW2012C3030816"
31550254,"MW2012C3030816"
31555614,"MW2012C3030816"
30601052,"MW2012C3030613"
30601144,"MW2012C3030613"
30601428,"MW2012C3030613"
30601526,"MW2012C3030613"
30601608,"MW2012C3030613"
30601639,"MW2012C3030613"
30601746,"MW2012C3030613"
30602059,"MW2012C3030613"
30602217,"MW2012C3030613"
30602220,"MW2012C3030613"
30602235,"MW2012C3030613"
30602408,"MW2012C3030613"
30602443,"MW2012C3030613"
30602445,"MW2012C3030613"
30602472,"MW2012C3030613"
30602512,"MW2012C3030613"
30602713,"MW2012C3030613"
30602734,"MW2012C3030613"
30620179,"MW2012C3030613"
30620196,"MW2012C3030613"
30620323,"MW2012C3030613"
30620644,"MW2012C3030613"
31302162,"MW2012C3030613"
31302651,"MW2012C3030613"
31302761,"MW2012C3030613"
31303567,"MW2012C3030613"
31303585,"MW2012C3030613"
10744649,"MW2012C3030613"
30602235,"MW2012C3030613"
30602235,"MW2012C3030613"
30602235,"MW2012C3030613"
30620196,"MW2012C3030613"
30620196,"MW2012C3030613"
30602235,"MW2012C3030613"
30801679,"MW2012C3030613"
31201104,"MW2012C3030613"
10301306,"MW2012C3010508"
10501055,"MW2012C3010508"
10501216,"MW2012C3010508"
10501505,"MW2012C3010508"
10501709,"MW2012C3010508"
10502043,"MW2012C3010508"
10502268,"MW2012C3010508"
10502439,"MW2012C3010508"
10503211,"MW2012C3010508"
10503367,"MW2012C3010508"
10505136,"MW2012C3010508"
10505151,"MW2012C3010508"
10505508,"MW2012C3010508"
10506127,"MW2012C3010508"
10506548,"MW2012C3010508"
10510388,"MW2012C3010508"
10732047,"MW2012C3010508"
10732070,"MW2012C3010508"
10732192,"MW2012C3010508"
10733465,"MW2012C3010508"
10733640,"MW2012C3010508"
10734370,"MW2012C3010508"
10734393,"MW2012C3010508"
10734762,"MW2012C3010508"
10735130,"MW2012C3010508"
10736053,"MW2012C3010508"
10736377,"MW2012C3010508"
10736466,"MW2012C3010508"
10736596,"MW2012C3010508"
10739309,"MW2012C3010508"
10741504,"MW2012C3010508"
10746033,"MW2012C3010508"
10746244,"MW2012C3010508"
10101204,"MW2012C3010508"
10201688,"MW2012C3010508"
10104150,"MW2012C3010508"
10204586,"MW2012C3010508"
10203744,"MW2012C3010508"
10304012,"MW2012C3010508"
10304012,"MW2012C3010508"
10401522,"MW2012C3010508"
10401502,"MW2012C3010508"
10401140,"MW2012C3010508"
10405213,"MW2012C3010508"
10405213,"MW2012C3010508"
10501505,"MW2012C3010508"
10501709,"MW2012C3010508"
10501709,"MW2012C3010508"
10501505,"MW2012C3010508"
10502268,"MW2012C3010508"
10502268,"MW2012C3010508"
10503367,"MW2012C3010508"
10503367,"MW2012C3010508"
10503367,"MW2012C3010508"
10503367,"MW2012C3010508"
10503367,"MW2012C3010508"
10503367,"MW2012C3010508"
10505508,"MW2012C3010508"
10505136,"MW2012C3010508"
10510388,"MW2012C3010508"
10510388,"MW2012C3010508"
10733640,"MW2012C3010508"
10509319,"MW2012C3010508"
10732192,"MW2012C3010508"
10732192,"MW2012C3010508"
10733640,"MW2012C3010508"
10733640,"MW2012C3010508"
10732192,"MW2012C3010508"
10734370,"MW2012C3010508"
10734762,"MW2012C3010508"
10736596,"MW2012C3010508"
10735173,"MW2012C3010508"
10735173,"MW2012C3010508"
10736596,"MW2012C3010508"
10741504,"MW2012C3010508"
10744649,"MW2012C3010508"
10744649,"MW2012C3010508"
10744649,"MW2012C3010508"
10741504,"MW2012C3010508"
10746244,"MW2012C3010508"
10746033,"MW2012C3010508"
10746033,"MW2012C3010508"
10746033,"MW2012C3010508"
10746244,"MW2012C3010508"
10746244,"MW2012C3010508"
10746033,"MW2012C3010508"
10746244,"MW2012C3010508"
20110620,"MW2012C3010508"
20111718,"MW2012C3010508"
20115434,"MW2012C3010508"
20603533,"MW2012C3010508"
21048764,"MW2012C3010508"
21055241,"MW2012C3010508"
21066339,"MW2012C3010508"
30105448,"MW2012C3010508"
31442394,"MW2012C3010508"
31540419,"MW2012C3010508"
10101215,"MW2012C3010508"
10103414,"MW2012C3010508"
10502268,"MW2012C3010508"
10502268,"MW2012C3010508"
10502268,"MW2012C3010508"
10502268,"MW2012C3010508"
10502268,"MW2012C3010508"
10502268,"MW2012C3010508"
10502268,"MW2012C3010508"
10505310,"MW2012C3010508"
10505310,"MW2012C3010508"
10732192,"MW2012C3010508"
10732192,"MW2012C3010508"
10735173,"MW2012C3010508"
10744649,"MW2012C3010508"
10746033,"MW2012C3010508"
10746033,"MW2012C3010508"
10746033,"MW2012C3010508"
10746033,"MW2012C3010508"
20601626,"MW2012C3010508"
20808421,"MW2012C3010508"
21048764,"MW2012C3010508"
21055241,"MW2012C3010508"
21066096,"MW2012C3010508"
30212307,"MW2012C3010508"
31532674,"MW2012C3010508"
30601191,"MW2012C3031313"
31301246,"MW2012C3031313"
31301304,"MW2012C3031313"
31301385,"MW2012C3031313"
31301560,"MW2012C3031313"
31301671,"MW2012C3031313"
31301683,"MW2012C3031313"
31302578,"MW2012C3031313"
31306166,"MW2012C3031313"
31306274,"MW2012C3031313"
31306500,"MW2012C3031313"
31306719,"MW2012C3031313"
30206341,"MW2012C3031313"
30708665,"MW2012C3031313"
30801679,"MW2012C3031313"
31201104,"MW2012C3031313"
31439102,"MW2012C3031313"
30620196,"MW2012C3031313"
30620196,"MW2012C3031313"
10302010,"MW2012C3010311"
10303454,"MW2012C3010311"
10304012,"MW2012C3010311"
10304360,"MW2012C3010311"
10304625,"MW2012C3010311"
10305446,"MW2012C3010311"
10306417,"MW2012C3010311"
10306431,"MW2012C3010311"
10307413,"MW2012C3010311"
10308636,"MW2012C3010311"
10320227,"MW2012C3010311"
10301663,"MW2012C3010311"
10302010,"MW2012C3010311"
10305446,"MW2012C3010311"
10302010,"MW2012C3010311"
10308636,"MW2012C3010311"
10304012,"MW2012C3010311"
10304012,"MW2012C3010311"
10304012,"MW2012C3010311"
10307413,"MW2012C3010311"
10505136,"MW2012C3010311"
10733640,"MW2012C3010311"
10734370,"MW2012C3010311"
10746033,"MW2012C3010311"
20115434,"MW2012C3010311"
10302010,"MW2012C3010311"
10308636,"MW2012C3010311"
10734370,"MW2012C3010311"
10301026,"MW2012C3010309"
10301347,"MW2012C3010309"
10301663,"MW2012C3010309"
10301741,"MW2012C3010309"
10308129,"MW2012C3010309"
10309273,"MW2012C3010309"
10309281,"MW2012C3010309"
10310469,"MW2012C3010309"
10312048,"MW2012C3010309"
10312078,"MW2012C3010309"
10312187,"MW2012C3010309"
10312600,"MW2012C3010309"
10734407,"MW2012C3010309"
10735173,"MW2012C3010309"
10736174,"MW2012C3010309"
10737199,"MW2012C3010309"
10744039,"MW2012C3010309"
10744154,"MW2012C3010309"
10744649,"MW2012C3010309"
10301663,"MW2012C3010309"
10301663,"MW2012C3010309"
10301663,"MW2012C3010309"
10301663,"MW2012C3010309"
10308636,"MW2012C3010309"
10307413,"MW2012C3010309"
10502593,"MW2012C3010309"
10509319,"MW2012C3010309"
10735173,"MW2012C3010309"
10735173,"MW2012C3010309"
10735173,"MW2012C3010309"
10744649,"MW2012C3010309"
10741504,"MW2012C3010309"
10741504,"MW2012C3010309"
21052427,"MW2012C3010309"
30307678,"MW2012C3010309"
10744649,"MW2012C3010309"
10744649,"MW2012C3010309"
10746033,"MW2012C3010309"
10746033,"MW2012C3010309"
20808421,"MW2012C3010309"
21066339,"MW2012C3010309"
20201206,"MW2012C3020211"
20201264,"MW2012C3020211"
20201269,"MW2012C3020211"
20201354,"MW2012C3020211"
20201450,"MW2012C3020211"
20201646,"MW2012C3020211"
20202343,"MW2012C3020211"
20203135,"MW2012C3020211"
20203494,"MW2012C3020211"
20203656,"MW2012C3020211"
20203694,"MW2012C3020211"
20204124,"MW2012C3020211"
20204712,"MW2012C3020211"
20205207,"MW2012C3020211"
20205525,"MW2012C3020211"
20205634,"MW2012C3020211"
20205700,"MW2012C3020211"
20205721,"MW2012C3020211"
20220038,"MW2012C3020211"
20220153,"MW2012C3020211"
10736596,"MW2012C3020211"
10736596,"MW2012C3020211"
10736596,"MW2012C3020211"
10741504,"MW2012C3020211"
20106042,"MW2012C3020211"
20205207,"MW2012C3020211"
20206362,"MW2012C3020211"
20205207,"MW2012C3020211"
20303065,"MW2012C3020211"
20507459,"MW2012C3020211"
20507459,"MW2012C3020211"
20508349,"MW2012C3020211"
20807727,"MW2012C3020211"
21055693,"MW2012C3020211"
30305082,"MW2012C3020211"
30406710,"MW2012C3020211"
20205207,"MW2012C3020211"
20303065,"MW2012C3020211"
20508349,"MW2012C3020211"
20804405,"MW2012C3020211"
20201109,"MW2012C3020209"
20205484,"MW2012C3020213"
20206243,"MW2012C3020213"
20206362,"MW2012C3020213"
20206362,"MW2012C3020213"
20206362,"MW2012C3020213"
20205207,"MW2012C3020213"
20205207,"MW2012C3020213"
31201197,"MW2012C3020213"
20206362,"MW2012C3020213"
20206362,"MW2012C3020213"
20206362,"MW2012C3020213"
20206362,"MW2012C3020213"
20303065,"MW2012C3020213"
20607260,"MW2012C3020213"
30305082,"MW2012C3020213"
21080308,"MW2012C3020915"
20906605,"MW2012C3020915"
20908119,"MW2012C3020915"
21080308,"MW2012C3020915"
20807727,"MW2012C3020913"
20901232,"MW2012C3020913"
20901276,"MW2012C3020913"
20902437,"MW2012C3020913"
20902449,"MW2012C3020913"
20902461,"MW2012C3020913"
20903543,"MW2012C3020913"
20903583,"MW2012C3020913"
20904018,"MW2012C3020913"
20904160,"MW2012C3020913"
20904342,"MW2012C3020913"
20904602,"MW2012C3020913"
20905295,"MW2012C3020913"
20906110,"MW2012C3020913"
20906524,"MW2012C3020913"
20906605,"MW2012C3020913"
20907238,"MW2012C3020913"
20908051,"MW2012C3020913"
20908088,"MW2012C3020913"
20908119,"MW2012C3020913"
20908293,"MW2012C3020913"
20908329,"MW2012C3020913"
20908538,"MW2012C3020913"
20909113,"MW2012C3020913"
20920520,"MW2012C3020913"
10204586,"MW2012C3020913"
10733640,"MW2012C3020913"
20113112,"MW2012C3020913"
20602363,"MW2012C3020913"
20603533,"MW2012C3020913"
20605302,"MW2012C3020913"
20706163,"MW2012C3020913"
20807727,"MW2012C3020913"
20903583,"MW2012C3020913"
20906524,"MW2012C3020913"
20906605,"MW2012C3020913"
20908119,"MW2012C3020913"
20909113,"MW2012C3020913"
20908119,"MW2012C3020913"
20908088,"MW2012C3020913"
20908088,"MW2012C3020913"
21037536,"MW2012C3020913"
21048764,"MW2012C3020913"
21048764,"MW2012C3020913"
21087531,"MW2012C3020913"
30302601,"MW2012C3020913"
30307678,"MW2012C3020913"
30703381,"MW2012C3020913"
31432676,"MW2012C3020913"
31540419,"MW2012C3020913"
31545384,"MW2012C3020913"
20603533,"MW2012C3020913"
20807727,"MW2012C3020913"
20906524,"MW2012C3020913"
20906524,"MW2012C3020913"
20906524,"MW2012C3020913"
20906605,"MW2012C3020913"
21048764,"MW2012C3020913"
21066096,"MW2012C3020913"
30103074,"MW2012C3020913"
30302601,"MW2012C3020913"
31201104,"MW2012C3020913"
31439102,"MW2012C3020913"
20302432,"MW2012C3020303"
20302539,"MW2012C3020303"
20302592,"MW2012C3020303"
20303065,"MW2012C3020303"
20303447,"MW2012C3020303"
20303654,"MW2012C3020303"
20304084,"MW2012C3020303"
20304164,"MW2012C3020303"
20304285,"MW2012C3020303"
20304314,"MW2012C3020303"
20304662,"MW2012C3020303"
20304680,"MW2012C3020303"
20305023,"MW2012C3020303"
20305172,"MW2012C3020303"
20305301,"MW2012C3020303"
20305340,"MW2012C3020303"
20305382,"MW2012C3020303"
20305717,"MW2012C3020303"
20306272,"MW2012C3020303"
20306296,"MW2012C3020303"
20306433,"MW2012C3020303"
20306557,"MW2012C3020303"
20320675,"MW2012C3020303"
20305301,"MW2012C3020303"
20302539,"MW2012C3020303"
20302539,"MW2012C3020303"
20305301,"MW2012C3020303"
20302539,"MW2012C3020303"
20306557,"MW2012C3020303"
20303065,"MW2012C3020303"
20607315,"MW2012C3020303"
21037030,"MW2012C3020303"
21048764,"MW2012C3020303"
31443108,"MW2012C3020303"
20206362,"MW2012C3020303"
20303065,"MW2012C3020303"
20306557,"MW2012C3020303"
20306557,"MW2012C3020303"
20306557,"MW2012C3020303"
30901029,"MW2012C3030904"
30901054,"MW2012C3030904"
30901193,"MW2012C3030904"
30901253,"MW2012C3030904"
30901275,"MW2012C3030904"
30901320,"MW2012C3030904"
30901380,"MW2012C3030904"
30901409,"MW2012C3030904"
30901475,"MW2012C3030904"
30901550,"MW2012C3030904"
30901569,"MW2012C3030904"
30901603,"MW2012C3030904"
30901720,"MW2012C3030904"
30901756,"MW2012C3030904"
30902236,"MW2012C3030904"
30902299,"MW2012C3030904"
30902346,"MW2012C3030904"
30902425,"MW2012C3030904"
30902606,"MW2012C3030904"
30903114,"MW2012C3030904"
30903528,"MW2012C3030904"
10401522,"MW2012C3030904"
30105325,"MW2012C3030904"
30901054,"MW2012C3030904"
30901603,"MW2012C3030904"
30901475,"MW2012C3030904"
30901475,"MW2012C3030904"
30901475,"MW2012C3030904"
31438690,"MW2012C3030904"
31539670,"MW2012C3030904"
21080308,"MW2012C3030904"
30305580,"MW2012C3030904"
30901475,"MW2012C3030904"
30901475,"MW2012C3030904"
31532674,"MW2012C3030904"
10401140,"MW2012C3010417"
10401212,"MW2012C3010417"
10401424,"MW2012C3010417"
10401522,"MW2012C3010417"
10401541,"MW2012C3010417"
10401604,"MW2012C3010417"
10401635,"MW2012C3010417"
10401742,"MW2012C3010417"
10408441,"MW2012C3010417"
10409468,"MW2012C3010417"
10420001,"MW2012C3010417"
10420035,"MW2012C3010417"
10420080,"MW2012C3010417"
10201688,"MW2012C3010417"
10204586,"MW2012C3010417"
10401522,"MW2012C3010417"
10401140,"MW2012C3010417"
10401140,"MW2012C3010417"
20615064,"MW2012C3010417"
31442394,"MW2012C3010417"
10734370,"MW2012C3010417"
31550254,"MW2012C3010417"
30701411,"MW2012C3030716"
30702134,"MW2012C3030716"
30703381,"MW2012C3030716"
30704158,"MW2012C3030716"
30704313,"MW2012C3030716"
30705248,"MW2012C3030716"
30705391,"MW2012C3030716"
30706619,"MW2012C3030716"
30706743,"MW2012C3030716"
30707534,"MW2012C3030716"
30707722,"MW2012C3030716"
30708338,"MW2012C3030716"
30708665,"MW2012C3030716"
30709698,"MW2012C3030716"
30710157,"MW2012C3030716"
30710451,"MW2012C3030716"
30711684,"MW2012C3030716"
30720666,"MW2012C3030716"
30803321,"MW2012C3030716"
31004312,"MW2012C3030716"
10304012,"MW2012C3030716"
10746244,"MW2012C3030716"
21052427,"MW2012C3030716"
30704313,"MW2012C3030716"
30704313,"MW2012C3030716"
30706619,"MW2012C3030716"
30706619,"MW2012C3030716"
30708665,"MW2012C3030716"
30703381,"MW2012C3030716"
30705391,"MW2012C3030716"
30705391,"MW2012C3030716"
30705391,"MW2012C3030716"
30705391,"MW2012C3030716"
30711684,"MW2012C3030716"
30805259,"MW2012C3030716"
31004312,"MW2012C3030716"
31002169,"MW2012C3030716"
31532674,"MW2012C3030716"
31545384,"MW2012C3030716"
21086069,"MW2012C3030716"
30704313,"MW2012C3030716"
30704313,"MW2012C3030716"
30704313,"MW2012C3030716"
30704313,"MW2012C3030716"
30708665,"MW2012C3030716"
30708665,"MW2012C3030716"
30705391,"MW2012C3030716"
30705391,"MW2012C3030716"
30705391,"MW2012C3030716"
31201007,"MW2012C3031213"
31201058,"MW2012C3031213"
31201230,"MW2012C3031213"
31201250,"MW2012C3031213"
31201350,"MW2012C3031213"
31201516,"MW2012C3031213"
31201726,"MW2012C3031213"
31201747,"MW2012C3031213"
31201765,"MW2012C3031213"
31204184,"MW2012C3031213"
31204390,"MW2012C3031213"
31204410,"MW2012C3031213"
31204618,"MW2012C3031213"
31220487,"MW2012C3031213"
31220637,"MW2012C3031213"
20205207,"MW2012C3031213"
21081573,"MW2012C3031213"
31201516,"MW2012C3031213"
31201007,"MW2012C3031213"
31201007,"MW2012C3031213"
31204618,"MW2012C3031213"
31536751,"MW2012C3031213"
20205207,"MW2012C3031213"
20607260,"MW2012C3031213"
20906524,"MW2012C3031213"
21055241,"MW2012C3031213"
31201007,"MW2012C3031213"
31532674,"MW2012C3031213"
31201104,"MW2012C3031206"
31201106,"MW2012C3031206"
31201197,"MW2012C3031206"
31201234,"MW2012C3031206"
31204138,"MW2012C3031206"
31204209,"MW2012C3031206"
31204267,"MW2012C3031206"
31204489,"MW2012C3031206"
31204532,"MW2012C3031206"
20407481,"MW2012C3031206"
30102540,"MW2012C3031206"
31201104,"MW2012C3031206"
31201197,"MW2012C3031206"
31435753,"MW2012C3031206"
31539670,"MW2012C3031206"
20111718,"MW2012C3031206"
31201516,"MW2012C3031206"
30202403,"MW2012C3030206"
30222077,"MW2012C3030206"
30306594,"MW2012C3030206"
21053745,"MW2012C3030206"
30306087,"MW2012C3030206"
31201104,"MW2012C3030206"
30105325,"MW2012C3030206"
30101280,"MW2012C3030115"
30101552,"MW2012C3030115"
30103021,"MW2012C3030115"
30103420,"MW2012C3030115"
30108117,"MW2012C3030115"
30108401,"MW2012C3030115"
30109724,"MW2012C3030115"
10746244,"MW2012C3030115"
20909113,"MW2012C3030115"
30101545,"MW2012C3030115"
30101545,"MW2012C3030115"
30101280,"MW2012C3030115"
30101545,"MW2012C3030115"
30101280,"MW2012C3030115"
30104708,"MW2012C3030115"
30105325,"MW2012C3030115"
30108401,"MW2012C3030115"
30108401,"MW2012C3030115"
30109724,"MW2012C3030115"
30109724,"MW2012C3030115"
30109724,"MW2012C3030115"
30305082,"MW2012C3030115"
30307678,"MW2012C3030115"
31201197,"MW2012C3030115"
20601626,"MW2012C3030115"
20909113,"MW2012C3030115"
30101280,"MW2012C3030115"
31201007,"MW2012C3030115"
30101545,"MW2012C3030112"
30102028,"MW2012C3030112"
30102540,"MW2012C3030112"
30102632,"MW2012C3030112"
30102641,"MW2012C3030112"
30103074,"MW2012C3030112"
21037536,"MW2012C3030112"
21037030,"MW2012C3030112"
30101545,"MW2012C3030112"
30101545,"MW2012C3030112"
30102540,"MW2012C3030112"
30102540,"MW2012C3030112"
30102028,"MW2012C3030112"
30103074,"MW2012C3030112"
30105325,"MW2012C3030112"
30805259,"MW2012C3030112"
31201197,"MW2012C3030112"
31201197,"MW2012C3030112"
31204618,"MW2012C3030112"
31532674,"MW2012C3030112"
31540419,"MW2012C3030112"
20909113,"MW2012C3030112"
21037536,"MW2012C3030112"
21037030,"MW2012C3030112"
30101545,"MW2012C3030112"
31002169,"MW2012C3030112"
30104022,"MW2012C3030114"
30104040,"MW2012C3030114"
30104708,"MW2012C3030114"
30105325,"MW2012C3030114"
30105448,"MW2012C3030114"
30106005,"MW2012C3030114"
30106331,"MW2012C3030114"
30106750,"MW2012C3030114"
30107395,"MW2012C3030114"
30107624,"MW2012C3030114"
30120262,"MW2012C3030114"
20302539,"MW2012C3030114"
20306557,"MW2012C3030114"
20706163,"MW2012C3030114"
20706163,"MW2012C3030114"
30101280,"MW2012C3030114"
30104708,"MW2012C3030114"
30105448,"MW2012C3030114"
30103074,"MW2012C3030114"
30105325,"MW2012C3030114"
30105325,"MW2012C3030114"
30107624,"MW2012C3030114"
30105325,"MW2012C3030114"
30105325,"MW2012C3030114"
30107624,"MW2012C3030114"
31533095,"MW2012C3030114"
31443270,"MW2012C3030114"
20501111,"MW2012C3020515"
20501330,"MW2012C3020515"
20503476,"MW2012C3020515"
20505317,"MW2012C3020515"
20505648,"MW2012C3020515"
20506412,"MW2012C3020515"
20510584,"MW2012C3020515"
20507459,"MW2012C3020515"
20704738,"MW2012C3020515"
21077725,"MW2012C3020515"
30101280,"MW2012C3020515"
20508349,"MW2012C3020515"
20804405,"MW2012C3020515"
20807727,"MW2012C3020515"
21081573,"MW2012C3020515"
20501664,"MW2012C3020513"
20502159,"MW2012C3020513"
20502240,"MW2012C3020513"
20502740,"MW2012C3020513"
20502758,"MW2012C3020513"
20503239,"MW2012C3020513"
20504373,"MW2012C3020513"
20504729,"MW2012C3020513"
20507089,"MW2012C3020513"
20507371,"MW2012C3020513"
20507422,"MW2012C3020513"
20507459,"MW2012C3020513"
20507571,"MW2012C3020513"
20508349,"MW2012C3020513"
20508547,"MW2012C3020513"
20520255,"MW2012C3020513"
20520582,"MW2012C3020513"
20404575,"MW2012C3020513"
20507089,"MW2012C3020513"
20507459,"MW2012C3020513"
20507089,"MW2012C3020513"
20507459,"MW2012C3020513"
20507459,"MW2012C3020513"
20508349,"MW2012C3020513"
20508349,"MW2012C3020513"
20909113,"MW2012C3020513"
21051203,"MW2012C3020513"
21048764,"MW2012C3020513"
10735173,"MW2012C3020513"
20508349,"MW2012C3020513"
20508349,"MW2012C3020513"
20508349,"MW2012C3020513"
20607260,"MW2012C3020513"
20804405,"MW2012C3020513"
21055241,"MW2012C3020513"
31539670,"MW2012C3020513"
20807711,"MW2012C3020813"
20909113,"MW2012C3020813"
20909113,"MW2012C3020813"
20906605,"MW2012C3020813"
20909113,"MW2012C3020813"
31302415,"MW2012C3030606"
31303067,"MW2012C3030606"
31303263,"MW2012C3030606"
31303327,"MW2012C3030606"
31303467,"MW2012C3030606"
31303610,"MW2012C3030606"
31303655,"MW2012C3030606"
10401140,"MW2012C3030606"
30503685,"MW2012C3030606"
31432676,"MW2012C3030606"
31441389,"MW2012C3030606"
30602235,"MW2012C3030606"
31536118,"MW2012C3030606"
10502593,"MW2012C3010517"
10502730,"MW2012C3010517"
10505231,"MW2012C3010517"
10505310,"MW2012C3010517"
10509319,"MW2012C3010517"
10509474,"MW2012C3010517"
10401522,"MW2012C3010517"
10401140,"MW2012C3010517"
10501505,"MW2012C3010517"
10502593,"MW2012C3010517"
10505310,"MW2012C3010517"
10509319,"MW2012C3010517"
20106042,"MW2012C3010517"
30212307,"MW2012C3010517"
10505310,"MW2012C3010517"
10734370,"MW2012C3010517"
10735173,"MW2012C3010517"
20615735,"MW2012C3010517"
30901475,"MW2012C3010517"
20301075,"MW2012C3020203"
20404032,"MW2012C3020503"
30306087,"MW2012C3030306"
30306460,"MW2012C3030306"
21066339,"MW2012C3030306"
30306087,"MW2012C3030306"
30501008,"MW2012C3030514"
30501383,"MW2012C3030514"
30506105,"MW2012C3030514"
30506326,"MW2012C3030514"
30508364,"MW2012C3030514"
30508435,"MW2012C3030514"
30508473,"MW2012C3030514"
30508629,"MW2012C3030514"
31540003,"MW2012C3030514"
31541183,"MW2012C3030514"
31547429,"MW2012C3030514"
31548148,"MW2012C3030514"
31552612,"MW2012C3030514"
31552686,"MW2012C3030514"
31553237,"MW2012C3030514"
31554613,"MW2012C3030514"
31555614,"MW2012C3030514"
10104150,"MW2012C3030514"
10401140,"MW2012C3030514"
10741504,"MW2012C3030514"
20601626,"MW2012C3030514"
20908088,"MW2012C3030514"
21037536,"MW2012C3030514"
21048764,"MW2012C3030514"
21048764,"MW2012C3030514"
21074510,"MW2012C3030514"
30302601,"MW2012C3030514"
30305580,"MW2012C3030514"
30501383,"MW2012C3030514"
30406710,"MW2012C3030514"
30502456,"MW2012C3030514"
30602235,"MW2012C3030514"
30602235,"MW2012C3030514"
30706619,"MW2012C3030514"
30706619,"MW2012C3030514"
30703381,"MW2012C3030514"
30703381,"MW2012C3030514"
30803115,"MW2012C3030514"
30711684,"MW2012C3030514"
30804416,"MW2012C3030514"
30804416,"MW2012C3030514"
30804416,"MW2012C3030514"
31001749,"MW2012C3030514"
31201516,"MW2012C3030514"
31006556,"MW2012C3030514"
31006556,"MW2012C3030514"
31201197,"MW2012C3030514"
31201007,"MW2012C3030514"
31439102,"MW2012C3030514"
31436695,"MW2012C3030514"
31436695,"MW2012C3030514"
31443270,"MW2012C3030514"
31532674,"MW2012C3030514"
31540419,"MW2012C3030514"
31540419,"MW2012C3030514"
31540419,"MW2012C3030514"
31546760,"MW2012C3030514"
31546760,"MW2012C3030514"
31552686,"MW2012C3030514"
31545384,"MW2012C3030514"
31555614,"MW2012C3030514"
31554613,"MW2012C3030514"
31554613,"MW2012C3030514"
20906605,"MW2012C3030514"
21051203,"MW2012C3030514"
21080308,"MW2012C3030514"
30305580,"MW2012C3030514"
30901054,"MW2012C3030514"
31004312,"MW2012C3030514"
31439102,"MW2012C3030514"
31532674,"MW2012C3030514"
31536118,"MW2012C3030514"
31550254,"MW2012C3030514"
30401015,"MW2012C3030414"
30401062,"MW2012C3030414"
30401178,"MW2012C3030414"
30401397,"MW2012C3030414"
30402291,"MW2012C3030414"
30402402,"MW2012C3030414"
30402515,"MW2012C3030414"
30402570,"MW2012C3030414"
30402669,"MW2012C3030414"
30403185,"MW2012C3030414"
30403225,"MW2012C3030414"
30403261,"MW2012C3030414"
30403558,"MW2012C3030414"
30403699,"MW2012C3030414"
30403766,"MW2012C3030414"
30405588,"MW2012C3030414"
30406125,"MW2012C3030414"
30406378,"MW2012C3030414"
30420223,"MW2012C3030414"
21048764,"MW2012C3030414"
21052427,"MW2012C3030414"
21087531,"MW2012C3030414"
30306555,"MW2012C3030414"
30403444,"MW2012C3030414"
30403444,"MW2012C3030414"
30620196,"MW2012C3030414"
31533095,"MW2012C3030414"
31533095,"MW2012C3030414"
31443108,"MW2012C3030414"
31443108,"MW2012C3030414"
31533095,"MW2012C3030414"
20508349,"MW2012C3030414"
20601141,"MW2012C3020603"
20601626,"MW2012C3020603"
20601658,"MW2012C3020603"
20601701,"MW2012C3020603"
20602363,"MW2012C3020603"
20602479,"MW2012C3020603"
20602607,"MW2012C3020603"
20602617,"MW2012C3020603"
20603090,"MW2012C3020603"
20603121,"MW2012C3020603"
20603133,"MW2012C3020603"
20603189,"MW2012C3020603"
20603337,"MW2012C3020603"
20603455,"MW2012C3020603"
20603533,"MW2012C3020603"
20604071,"MW2012C3020603"
20604376,"MW2012C3020603"
20604638,"MW2012C3020603"
20605302,"MW2012C3020603"
20606168,"MW2012C3020603"
20606297,"MW2012C3020603"
20607260,"MW2012C3020603"
20607315,"MW2012C3020603"
20607733,"MW2012C3020603"
20608499,"MW2012C3020603"
20609754,"MW2012C3020603"
20610050,"MW2012C3020603"
20610249,"MW2012C3020603"
20612564,"MW2012C3020603"
20613324,"MW2012C3020603"
20614477,"MW2012C3020603"
20614589,"MW2012C3020603"
20615064,"MW2012C3020603"
20615735,"MW2012C3020603"
20615752,"MW2012C3020603"
21053430,"MW2012C3020603"
21054673,"MW2012C3020603"
21055241,"MW2012C3020603"
21066478,"MW2012C3020603"
21083535,"MW2012C3020603"
21085094,"MW2012C3020603"
21086069,"MW2012C3020603"
21086436,"MW2012C3020603"
21087736,"MW2012C3020603"
21088597,"MW2012C3020603"
10307413,"MW2012C3020603"
10401140,"MW2012C3020603"
10507344,"MW2012C3020603"
10733640,"MW2012C3020603"
10732192,"MW2012C3020603"
10734762,"MW2012C3020603"
20111718,"MW2012C3020603"
20113112,"MW2012C3020603"
20206362,"MW2012C3020603"
20302539,"MW2012C3020603"
20303065,"MW2012C3020603"
20402198,"MW2012C3020603"
20404032,"MW2012C3020603"
20404575,"MW2012C3020603"
20507459,"MW2012C3020603"
20601626,"MW2012C3020603"
20601626,"MW2012C3020603"
20601626,"MW2012C3020603"
20601626,"MW2012C3020603"
20602363,"MW2012C3020603"
20601141,"MW2012C3020603"
20602363,"MW2012C3020603"
20601141,"MW2012C3020603"
20601141,"MW2012C3020603"
20603090,"MW2012C3020603"
20601141,"MW2012C3020603"
20603090,"MW2012C3020603"
20603533,"MW2012C3020603"
20603090,"MW2012C3020603"
20603533,"MW2012C3020603"
20603090,"MW2012C3020603"
20604638,"MW2012C3020603"
20604638,"MW2012C3020603"
20603533,"MW2012C3020603"
20605302,"MW2012C3020603"
20605302,"MW2012C3020603"
20607260,"MW2012C3020603"
20607260,"MW2012C3020603"
20607315,"MW2012C3020603"
20607315,"MW2012C3020603"
20610249,"MW2012C3020603"
20610050,"MW2012C3020603"
20610050,"MW2012C3020603"
20610249,"MW2012C3020603"
20610249,"MW2012C3020603"
20610050,"MW2012C3020603"
20610249,"MW2012C3020603"
20610249,"MW2012C3020603"
20614477,"MW2012C3020603"
20613324,"MW2012C3020603"
20613324,"MW2012C3020603"
20613324,"MW2012C3020603"
20614477,"MW2012C3020603"
20615735,"MW2012C3020603"
20615735,"MW2012C3020603"
20615064,"MW2012C3020603"
20615064,"MW2012C3020603"
20615735,"MW2012C3020603"
20903583,"MW2012C3020603"
20906605,"MW2012C3020603"
20909113,"MW2012C3020603"
20909113,"MW2012C3020603"
21037030,"MW2012C3020603"
21037536,"MW2012C3020603"
21037536,"MW2012C3020603"
21037536,"MW2012C3020603"
21048764,"MW2012C3020603"
21052427,"MW2012C3020603"
21052427,"MW2012C3020603"
21055241,"MW2012C3020603"
21055693,"MW2012C3020603"
21066096,"MW2012C3020603"
21066096,"MW2012C3020603"
21077725,"MW2012C3020603"
21086069,"MW2012C3020603"
21086436,"MW2012C3020603"
21088597,"MW2012C3020603"
21087531,"MW2012C3020603"
30102540,"MW2012C3020603"
30305277,"MW2012C3020603"
30307678,"MW2012C3020603"
30704313,"MW2012C3020603"
30804416,"MW2012C3020603"
31007335,"MW2012C3020603"
31201104,"MW2012C3020603"
31436695,"MW2012C3020603"
31436695,"MW2012C3020603"
31552686,"MW2012C3020603"
20112661,"MW2012C3020603"
20303065,"MW2012C3020603"
20404575,"MW2012C3020603"
20601626,"MW2012C3020603"
20601626,"MW2012C3020603"
20601626,"MW2012C3020603"
20601626,"MW2012C3020603"
20601626,"MW2012C3020603"
20601626,"MW2012C3020603"
20508349,"MW2012C3020603"
20603090,"MW2012C3020603"
20603090,"MW2012C3020603"
20603533,"MW2012C3020603"
20607260,"MW2012C3020603"
20607315,"MW2012C3020603"
20607315,"MW2012C3020603"
20607315,"MW2012C3020603"
20610050,"MW2012C3020603"
20614477,"MW2012C3020603"
20614477,"MW2012C3020603"
20614477,"MW2012C3020603"
20614477,"MW2012C3020603"
20614477,"MW2012C3020603"
20614477,"MW2012C3020603"
20615735,"MW2012C3020603"
20615064,"MW2012C3020603"
20615064,"MW2012C3020603"
20615064,"MW2012C3020603"
20615064,"MW2012C3020603"
20615064,"MW2012C3020603"
20615064,"MW2012C3020603"
20615064,"MW2012C3020603"
20804405,"MW2012C3020603"
20804405,"MW2012C3020603"
20804405,"MW2012C3020603"
20909113,"MW2012C3020603"
21037030,"MW2012C3020603"
21037030,"MW2012C3020603"
21037030,"MW2012C3020603"
21037030,"MW2012C3020603"
21051203,"MW2012C3020603"
21037536,"MW2012C3020603"
21048764,"MW2012C3020603"
21048764,"MW2012C3020603"
21055241,"MW2012C3020603"
21066096,"MW2012C3020603"
21066339,"MW2012C3020603"
21080308,"MW2012C3020603"
21086436,"MW2012C3020603"
30202252,"MW2012C3020603"
30202252,"MW2012C3020603"
30704313,"MW2012C3020603"
30901054,"MW2012C3020603"
31004312,"MW2012C3020603"
31439102,"MW2012C3020603"
30201498,"MW2012C3030214"
30201587,"MW2012C3030214"
30202252,"MW2012C3030214"
30203122,"MW2012C3030214"
30204126,"MW2012C3030214"
30209287,"MW2012C3030214"
30212167,"MW2012C3030214"
30212307,"MW2012C3030214"
30307577,"MW2012C3030214"
30307678,"MW2012C3030214"
31432279,"MW2012C3030214"
31435753,"MW2012C3030214"
10401502,"MW2012C3030214"
20115434,"MW2012C3030214"
20909113,"MW2012C3030214"
21081573,"MW2012C3030214"
21081573,"MW2012C3030214"
30202252,"MW2012C3030214"
30212307,"MW2012C3030214"
30307678,"MW2012C3030214"
31201007,"MW2012C3030214"
31435753,"MW2012C3030214"
31435753,"MW2012C3030214"
31435753,"MW2012C3030214"
31439102,"MW2012C3030214"
31439102,"MW2012C3030214"
31435753,"MW2012C3030214"
31435753,"MW2012C3030214"
31536118,"MW2012C3030214"
31545384,"MW2012C3030214"
20407481,"MW2012C3030214"
20407481,"MW2012C3030214"
20601626,"MW2012C3030214"
21080308,"MW2012C3030214"
30202252,"MW2012C3030214"
30202252,"MW2012C3030214"
30208396,"MW2012C3030214"
30302601,"MW2012C3030214"
30901475,"MW2012C3030214"
30901475,"MW2012C3030214"
30901475,"MW2012C3030214"
30901475,"MW2012C3030214"
31435120,"MW2012C3030214"
31435753,"MW2012C3030214"
31435753,"MW2012C3030214"
31441389,"MW2012C3030214"
30201146,"MW2012C3030204"
30203044,"MW2012C3030204"
30203142,"MW2012C3030204"
30203256,"MW2012C3030204"
30203767,"MW2012C3030204"
30205702,"MW2012C3030204"
30206341,"MW2012C3030204"
30206572,"MW2012C3030204"
30207060,"MW2012C3030204"
30207188,"MW2012C3030204"
30207491,"MW2012C3030204"
30208396,"MW2012C3030204"
30212492,"MW2012C3030204"
30206341,"MW2012C3030204"
30206572,"MW2012C3030204"
30208396,"MW2012C3030204"
30208396,"MW2012C3030204"
30208396,"MW2012C3030204"
30208396,"MW2012C3030204"
30212492,"MW2012C3030204"
30305277,"MW2012C3030204"
30502456,"MW2012C3030204"
30901475,"MW2012C3030204"
31007335,"MW2012C3030204"
31436695,"MW2012C3030204"
31533095,"MW2012C3030204"
30212307,"MW2012C3030204"
30806611,"MW2012C3030204"
31443270,"MW2012C3030204"
30801205,"MW2012C3030804"
30801672,"MW2012C3030804"
30803115,"MW2012C3030804"
30803233,"MW2012C3030804"
30803480,"MW2012C3030804"
30804416,"MW2012C3030804"
30804426,"MW2012C3030804"
30805259,"MW2012C3030804"
30805375,"MW2012C3030804"
30805463,"MW2012C3030804"
30805551,"MW2012C3030804"
30806145,"MW2012C3030804"
30806483,"MW2012C3030804"
30806611,"MW2012C3030804"
30806630,"MW2012C3030804"
30901715,"MW2012C3030804"
10301663,"MW2012C3030804"
10401522,"MW2012C3030804"
30708665,"MW2012C3030804"
30710079,"MW2012C3030804"
30710079,"MW2012C3030804"
30803115,"MW2012C3030804"
30805259,"MW2012C3030804"
30801672,"MW2012C3030804"
30804416,"MW2012C3030804"
30804416,"MW2012C3030804"
30806611,"MW2012C3030804"
31540419,"MW2012C3030804"
31545384,"MW2012C3030804"
31545384,"MW2012C3030804"
31555614,"MW2012C3030804"
31554613,"MW2012C3030804"
30403444,"MW2012C3030804"
30708665,"MW2012C3030804"
10507175,"MW2012C3010503"
10507344,"MW2012C3010503"
10508369,"MW2012C3010503"
10507175,"MW2012C3010503"
10507344,"MW2012C3010503"
10507175,"MW2012C3010503"
10507344,"MW2012C3010503"
20111718,"MW2012C3010503"
31101009,"MW2012C3031105"
31101399,"MW2012C3031105"
31102266,"MW2012C3031105"
31102591,"MW2012C3031105"
31104086,"MW2012C3031105"
31104147,"MW2012C3031105"
31104361,"MW2012C3031105"
31104496,"MW2012C3031105"
31104691,"MW2012C3031105"
31104696,"MW2012C3031105"
31105091,"MW2012C3031105"
31105559,"MW2012C3031105"
31105581,"MW2012C3031105"
31106066,"MW2012C3031105"
31106182,"MW2012C3031105"
31106519,"MW2012C3031105"
31106574,"MW2012C3031105"
31106682,"MW2012C3031105"
31107406,"MW2012C3031105"
31108265,"MW2012C3031105"
31108703,"MW2012C3031105"
31120097,"MW2012C3031105"
31120218,"MW2012C3031105"
21081573,"MW2012C3031105"
31108703,"MW2012C3031105"
31108703,"MW2012C3031105"
31435120,"MW2012C3031105"
30403444,"MW2012C3031105"
31439102,"MW2012C3031105"
31443270,"MW2012C3031105"
10401502,"MW2012C3010409"
10402537,"MW2012C3010409"
10403332,"MW2012C3010409"
10403488,"MW2012C3010409"
10404186,"MW2012C3010409"
10404707,"MW2012C3010409"
10405213,"MW2012C3010409"
10405404,"MW2012C3010409"
10407068,"MW2012C3010409"
10407194,"MW2012C3010409"
10407628,"MW2012C3010409"
10401140,"MW2012C3010409"
10401502,"MW2012C3010409"
10401140,"MW2012C3010409"
10404186,"MW2012C3010409"
10405213,"MW2012C3010409"
10405213,"MW2012C3010409"
10404186,"MW2012C3010409"
10404186,"MW2012C3010409"
10405213,"MW2012C3010409"
21080308,"MW2012C3010409"
30709116,"MW2012C3030714"
30709358,"MW2012C3030714"
30709438,"MW2012C3030714"
30709650,"MW2012C3030714"
30710079,"MW2012C3030714"
30710128,"MW2012C3030714"
21037536,"MW2012C3030714"
30706619,"MW2012C3030714"
30620196,"MW2012C3030714"
30708665,"MW2012C3030714"
30708665,"MW2012C3030714"
30710079,"MW2012C3030714"
30710079,"MW2012C3030714"
30709438,"MW2012C3030714"
30709438,"MW2012C3030714"
30709438,"MW2012C3030714"
30804416,"MW2012C3030714"
31540419,"MW2012C3030714"
31550254,"MW2012C3030714"
30304139,"MW2012C3030314"
30305258,"MW2012C3030314"
30305277,"MW2012C3030314"
30305561,"MW2012C3030314"
30305580,"MW2012C3030314"
30306024,"MW2012C3030314"
30306056,"MW2012C3030314"
30306555,"MW2012C3030314"
30406710,"MW2012C3030314"
31431714,"MW2012C3030314"
31432523,"MW2012C3030314"
31432676,"MW2012C3030314"
31434099,"MW2012C3030314"
31435120,"MW2012C3030314"
31435423,"MW2012C3030314"
31436063,"MW2012C3030314"
31438563,"MW2012C3030314"
31438622,"MW2012C3030314"
31438689,"MW2012C3030314"
31439102,"MW2012C3030314"
31440002,"MW2012C3030314"
31440152,"MW2012C3030314"
31441389,"MW2012C3030314"
31442200,"MW2012C3030314"
31442394,"MW2012C3030314"
31442616,"MW2012C3030314"
31443108,"MW2012C3030314"
10733640,"MW2012C3030314"
20602363,"MW2012C3030314"
21048764,"MW2012C3030314"
30202252,"MW2012C3030314"
30212307,"MW2012C3030314"
30305277,"MW2012C3030314"
30306555,"MW2012C3030314"
30305277,"MW2012C3030314"
30305580,"MW2012C3030314"
30306087,"MW2012C3030314"
30307678,"MW2012C3030314"
30406710,"MW2012C3030314"
30406710,"MW2012C3030314"
30901054,"MW2012C3030314"
31201197,"MW2012C3030314"
31432523,"MW2012C3030314"
31432523,"MW2012C3030314"
31432523,"MW2012C3030314"
31432523,"MW2012C3030314"
31435120,"MW2012C3030314"
31435120,"MW2012C3030314"
31432676,"MW2012C3030314"
31432676,"MW2012C3030314"
31432676,"MW2012C3030314"
31432676,"MW2012C3030314"
31438690,"MW2012C3030314"
31439102,"MW2012C3030314"
31439102,"MW2012C3030314"
31439102,"MW2012C3030314"
31442394,"MW2012C3030314"
31442394,"MW2012C3030314"
31441389,"MW2012C3030314"
31441389,"MW2012C3030314"
31443270,"MW2012C3030314"
31443108,"MW2012C3030314"
31550254,"MW2012C3030314"
21086069,"MW2012C3030314"
30202252,"MW2012C3030314"
30620196,"MW2012C3030314"
31435120,"MW2012C3030314"
31439102,"MW2012C3030314"
31439102,"MW2012C3030314"
31443270,"MW2012C3030314"
30301554,"MW2012C3030304"
30301576,"MW2012C3030304"
30301590,"MW2012C3030304"
30302283,"MW2012C3030304"
30302357,"MW2012C3030304"
30302601,"MW2012C3030304"
30302687,"MW2012C3030304"
30302692,"MW2012C3030304"
30304143,"MW2012C3030304"
30305082,"MW2012C3030304"
30305506,"MW2012C3030304"
31435149,"MW2012C3030304"
31436695,"MW2012C3030304"
31438690,"MW2012C3030304"
31443270,"MW2012C3030304"
10401522,"MW2012C3030304"
10733640,"MW2012C3030304"
21053745,"MW2012C3030304"
21052427,"MW2012C3030304"
30302601,"MW2012C3030304"
30305082,"MW2012C3030304"
30901054,"MW2012C3030304"
31435120,"MW2012C3030304"
31438690,"MW2012C3030304"
31436695,"MW2012C3030304"
31436695,"MW2012C3030304"
31443270,"MW2012C3030304"
31554613,"MW2012C3030304"
10744649,"MW2012C3030304"
30109724,"MW2012C3030304"
30212307,"MW2012C3030304"
30302601,"MW2012C3030304"
30302601,"MW2012C3030304"
30302601,"MW2012C3030304"
30305082,"MW2012C3030304"
30305580,"MW2012C3030304"
30403444,"MW2012C3030304"
10305446,""
10307413,""
10401502,""
30105325,""
31435120,""
31443108,""
21055241,""
30406710,""
