"ea_id","FS_year","Refrigerator","Radio","Television","Bicycle","Motorcycle","Car","number_celphones","floor_cement","floor_tile","floor_dirt_sand_dung","roof_natural","roof_iron","roof_other","cell_phone","hhsize","FS_month","hh_age","hh_gender","dist_road","dist_popcenter","dist_admarc","elevation","percent_ag","rCSI","HDDS","FCS","asset_index2","roof_natural_inverse","dummy_terrain_rough","nutri_severe_constraint","nutri_moderate_constraint","nutri_rent_severe_constraint","nutri_rent_moderate_constraint","IPC1","IPC12","rural","clust_maize_price","clust_rice_price","clust_nuts_price","clust_beans_price","clust_maize_mktthin","clust_rice_mktthin","clust_nuts_mktthin","clust_beans_mktthin","lhz_maize_price","lhz_rice_price","lhz_nuts_price","lhz_beans_price","lhz_maize_mktthin","lhz_rice_mktthin","lhz_nuts_mktthin","lhz_beans_mktthin","raincytot","day1rain","maxdaysnorain","lhz_day1rain","gdd","tmean","lhz_raincytot","lhz_maxdaysnorain","heatdays","floodmax","lhz_floodmax","logFCS","TA_names","FNID","TA_maize_price","TA_rice_price","TA_nuts_price","TA_beans_price","TA_maize_mktthin","TA_rice_mktthin","TA_nuts_mktthin","TA_beans_mktthin","TA_raincytot","TA_day1rain","TA_maxdaysnorain","TA_floodmax","TA_heatdays","TA_gdd","TA_tmean","quarter1","quarter2","quarter3","quarter4","month1","month2","month3","month4","month5","month6","month7","month8","month9","month10","month11","month12"
10101016,2013,0,0.4375,0,0.3125,0,0,0.25,0.0625,0,0,0.9375,0.0625,0,0.25,6.1875,4,47.9375,1.25,2.25,62.5625,12.6875,1.29625,0.2250000075,12.3125,4.6875,40.375,-0.300857369375,0.0625,0,0,1,0,0.5,1,1,1,117.495,338.092613882338,260.726300759091,169.705690660263,0.5,1,1,1,145.347004840884,390.687643774799,237.30603824697,271.791314173588,0.5,1,1,1,1.10858604110008,31,29,31,213,21.9841908056412,1160.83778911635,25,0,0,0,3.69821078154282,"Mwabulambya","MW2012C3010102",99.6877011076638,296.084844517228,271.89241078087,235.254344906309,0.240258575714099,1,1,1,1.2283876347735,30.25,29,0,0,213,22.0702006416142,0,0,0,0,0,0,0,1,0,0,0,0,0,0,0,0
10101204,2013,0.0588235294117647,0.352941176470588,0.117647058823529,0.352941176470588,0,0,0.647058823529412,0.176470588235294,0,0,0.647058823529412,0.352941176470588,0,0.411764705882353,5.52941176470588,5,45.6470588235294,1.17647058823529,0.529411764705882,56.5294117647059,11.4117647058824,1.38058823529412,0.564705901176471,4.47058823529412,5.05882352941176,51.4411764705882,-0.0876878305882353,0.352941176470588,0,0.0588235294117647,0.941176470588235,0,1,1,1,0.941176470588235,119.627401960784,400.96908042616,379.379586095013,347.946195868542,0,1,1,1,96.7065350806038,257.53382705922,244.449981205136,231.704855740932,0.627450980392157,1,1,1,1.17987326778844,30,29,31,213,21.9841908056412,1160.83778911635,25,0,0,0,3.94043895040244,"Mwabulambya","MW2012C3010102",99.6877011076638,296.084844517228,271.89241078087,235.254344906309,0.240258575714099,1,1,1,1.2283876347735,30.25,29,0,0,213,22.0702006416142,0,1,0,0,0,0,0,0,1,0,0,0,0,0,0,0
10101215,2013,0,0.411764705882353,0.0588235294117647,0.294117647058824,0,0,0.470588235294118,0.176470588235294,0,0.0588235294117647,0.705882352941177,0.294117647058824,0,0.352941176470588,4.82352941176471,5,44.8235294117647,1.17647058823529,8,86.0588235294118,4.29411764705882,1.22176470588235,0.529411782352941,3.88235294117647,4.94117647058824,43.2058823529412,-0.300857000588235,0.294117647058824,0,0,0.235294117647059,0,0.941176470588235,1,1,0.882352941176471,89.5881996592964,269.652300110876,272.298887251447,300.611365314469,0.173601147776184,1,1,1,96.9311460774321,272.024728354899,302.543080768491,439.224493824192,0.380200860832138,1,1,1,1.27225324288837,30,29,31,213,21.9841908056412,1160.83778911635,25,0,0,0,3.76597665155772,"Mwabulambya","MW2012C3010102",99.6877011076638,296.084844517228,271.89241078087,235.254344906309,0.240258575714099,1,1,1,1.2283876347735,30.25,29,0,0,213,22.0702006416142,0,1,0,0,0,0,0,0,1,0,0,0,0,0,0,0
10101562,2013,0.0909090909090909,0.454545454545455,0.136363636363636,0.227272727272727,0,0,0.636363636363636,0.454545454545455,0,0,0.5,0.5,0,0.5,4.86363636363636,7,40.8181818181818,1.22727272727273,4.04545454545455,66.5454545454545,4.54545454545455,1.22318181818182,0.518181835454545,5.36363636363636,5.72727272727273,57.4318181818182,0.0285861718181818,0.5,0,0,0.909090909090909,0,0.636363636363636,1,1,0.909090909090909,72.0402028105746,175.625383649537,175.16486901793,122.754127781963,0.287433155080214,1,1,1,74.4498068187979,277.454564113611,301.72583128795,222.042133358706,0.340612002376708,1,1,1,1.3528379873171,30,29,30,213,22.3282301495333,1502.11950370143,29,0,0,0,4.05059847346993,"Mwabulambya","MW2012C3010107",99.6877011076638,296.084844517228,271.89241078087,235.254344906309,0.240258575714099,1,1,1,1.2283876347735,30.25,29,0,0,213,22.0702006416142,0,0,1,0,0,0,0,0,0,0,1,0,0,0,0,0
10102004,2013,0,0.25,0,0.1875,0,0,0.25,0.3125,0,0,0.625,0.375,0,0.25,4.9375,5,38.375,1.125,9.0625,46.5,8.125,1.174375,0.0750000025,6.125,4.5625,38,-0.300857168125,0.375,0,0,0.0625,0,0,1,1,0.9375,96.6,283.341088024504,298.54118948429,523.096943880759,0.0833333333333333,1,1,1,96.3083282777235,279.014627349425,309.154200385955,347.515488740626,0.166666666666667,1,1,1,1.37584773416098,31,29,30,213,22.3282301495333,1502.11950370143,29,0,0,0,3.63758615972639,"Mwenemisuku","MW2012C3010107",96.6,283.341088024504,298.54118948429,523.096943880759,0.0833333333333333,1,1,1,1.37584773416098,31,29,0,0,213,22.3282301495333,0,1,0,0,0,0,0,0,1,0,0,0,0,0,0,0
10103414,2013,0,0.5,0.0625,0.5,0,0,0.6875,0.3125,0,0,0.6875,0.3125,0,0.5,6.625,6,47.5625,1.1875,1.0625,60.125,3.4375,1.55125,0,3.3125,5.625,49.4375,-0.3008571525,0.3125,0,0,1,0,0,1,1,1,90.9383333333333,274.487162095487,332.720864374555,84.3242592799113,0,1,1,1,69.5287438566764,257.516150815713,254.296784501829,234.379547019759,0.666666666666667,1,1,1,1.274307010193,30,25,31,213,21.9841908056412,1160.83778911635,25,0,0,0,3.90070924552787,"Mwenewenye","MW2012C3010102",90.9383333333333,274.487162095487,332.720864374555,84.3242592799113,0,1,1,1,1.274307010193,30,25,0,0,213,21.9841908056412,0,1,0,0,0,0,0,0,0,1,0,0,0,0,0,0
10104150,2013,0,0.368421052631579,0,0.105263157894737,0,0,0.526315789473684,0.157894736842105,0,0,0.789473684210526,0.210526315789474,0,0.210526315789474,6.10526315789474,7,42.4210526315789,1.10526315789474,10.7368421052632,36.3684210526316,3.84210526315789,1.32421052631579,0.315789484210526,5.84210526315789,4.94736842105263,43.8684210526316,-0.300857208421053,0.210526315789474,0,0.0526315789473684,0,0,0.0526315789473684,1,1,0.894736842105263,92.0668045112782,234.533708062059,251.113314865578,346.608040178519,0.336549707602339,1,1,1,80.8750087280509,257.314290867404,265.638990080631,179.745370673425,0.535964912280702,1,1,1,1.04644344815239,31,25,31,213,21.9841908056412,1160.83778911635,25,0,0,0,3.78119472302441,"Nthalire","MW2012C3010102",92.0668045112782,234.533708062059,251.113314865578,346.608040178519,0.336549707602339,1,1,1,1.04644344815239,31,25,0,0,213,21.9841908056412,0,0,1,0,0,0,0,0,0,0,1,0,0,0,0,0
10204322,2013,0,0.470588235294118,0.0588235294117647,0.352941176470588,0,0,0.411764705882353,0.294117647058824,0,0,0.588235294117647,0.411764705882353,0,0.352941176470588,5.29411764705882,6,40.5294117647059,1.17647058823529,7.70588235294118,53.8823529411765,7.35294117647059,0.554705882352941,0.60000002,2.58823529411765,5.29411764705882,51.1764705882353,-0.300857074117647,0.411764705882353,0,0,0.176470588235294,0,0.176470588235294,1,1,1,85.6408223684211,402.575974178318,426.63587778977,470.054328407009,0.0588235294117647,1,1,1,76.0302164760596,320.787103860626,324.387715067788,461.176149379365,0.105882352941176,1,1,1,0.920099024471505,31,28,31,213,22.8637086489205,1031.8785890184,25,0,0,0,3.93527986759241,"Wasambo","MW2012C3010209",89.5216672193105,379.537946710241,403.443691364004,454.466596582263,0.0713797877622194,1,1,1,0.918242040858294,31,28,0,0,213,22.8637086489205,0,1,0,0,0,0,0,0,0,1,0,0,0,0,0,0
10204586,2013,0.157894736842105,0.631578947368421,0.210526315789474,0.315789473684211,0,0,1.31578947368421,0.631578947368421,0,0,0.105263157894737,0.894736842105263,0,0.789473684210526,5.36842105263158,6,43.1052631578947,1.47368421052632,0.842105263157895,52.8947368421053,4.21052631578947,0.66578947368421,0.568421071578947,0.789473684210526,6.05263157894737,58.7894736842105,0.271333696315789,0.894736842105263,0,0,0.842105263157895,0,0.842105263157895,1,1,0.842105263157895,93.4025120701999,356.499919242163,380.251504938238,438.878864757517,0.0839360461126741,1,1,1,82.8865377811338,433.212823227272,243.322297244103,355.758308445756,0.309956769368009,1,1,1,0.916385057245082,31,28,31,213,22.8637086489205,1031.8785890184,25,0,0,0,4.07396281990276,"Wasambo","MW2012C3010209",89.5216672193105,379.537946710241,403.443691364004,454.466596582263,0.0713797877622194,1,1,1,0.918242040858294,31,28,0,0,213,22.8637086489205,0,1,0,0,0,0,0,0,0,1,0,0,0,0,0,0
10301663,2013,0,0.588235294117647,0,0.294117647058824,0,0,1.11764705882353,0.529411764705882,0,0,0.411764705882353,0.588235294117647,0,0.705882352941177,4.82352941176471,6,42.5294117647059,1.17647058823529,10.8823529411765,27.5294117647059,11.5294117647059,0.613529411764706,0.105882356470588,3.58823529411765,5.35294117647059,43.2352941176471,-0.300857464705882,0.588235294117647,0,0.117647058823529,0.705882352941177,0,0.764705882352941,1,1,1,88.1263353255741,195.286717965489,269.860586260215,313.903741876867,0.0739594894561598,1,1,1,103.430340972439,157.23698787279,255.106225307458,298.724120353196,0.511542730299667,1,1,1,1.20635277858641,30,29,30,213,22.0334201902291,1348.71847687449,24,0,0,0,3.76665715515662,"Kabunduli","MW2012C3010309",88.1263353255741,195.286717965489,269.860586260215,313.903741876867,0.0739594894561598,1,1,1,1.20635277858641,30,29,0,0,213,22.0334201902291,0,1,0,0,0,0,0,0,0,1,0,0,0,0,0,0
10302010,2013,0,0.3125,0.0625,0.1875,0,0,0.5625,0.1875,0,0,0.625,0.375,0,0.4375,6.9375,7,50.625,1.25,1.5625,51.875,28.5,0.49125,0.48750001625,6.125,5.5625,42.34375,-0.300856851875,0.375,0,0,0.9375,0,0.9375,1,1,1,81.998,142.141928890797,246.060552476513,257.580838221663,0.375,1,1,1,66.0864689641114,148.337842543464,256.428738297896,292.631978639217,0.75,1,1,1,1.33035176139294,31,30,30,213,22.9621278144944,1278.85445471108,24,0,0,0,3.74582083051407,"Fukamapiri","MW2012C3010311",81.998,142.141928890797,246.060552476513,257.580838221663,0.375,1,1,1,1.33035176139294,31,30,0,0,213,22.9621278144944,0,0,1,0,0,0,0,0,0,0,1,0,0,0,0,0
10304012,2013,0.12,0.52,0.36,0.48,0,0.04,1.8,0.48,0.04,0,0.32,0.68,0,0.88,6.84,4,41.6,1.36,0.72,41.64,15.04,0.6516,0.4320000144,5.08,5.72,50.72,0.134009012,0.68,0,0.8,0.08,0.72,0.12,1,1,0.92,138.983176070017,69.3989425926205,250.9717041496,396.176287635771,0.197319708715058,1,1,1,120.095592839021,173.90566655838,245.698293734811,251.791055202736,0.459122621564482,1,1,1,1.42377660207241,30,29,30,213,22.9621278144944,1278.85445471108,24,0,0,0,3.92632031012897,"S/C Malanda","MW2012C3010311",138.983176070017,69.3989425926205,250.9717041496,396.176287635771,0.197319708715058,1,1,1,1.42377660207241,30,29,0,0,213,22.9621278144944,0,0,0,0,0,0,0,1,0,0,0,0,0,0,0,0
10305446,2013,0,0.666666666666667,0.277777777777778,0.611111111111111,0,0,1.66666666666667,0.444444444444444,0,0,0.555555555555556,0.444444444444444,0,0.777777777777778,7.44444444444444,5,41.0555555555556,1.11111111111111,1.16666666666667,55.9444444444444,32.8888888888889,0.502222222222222,0.433333347777778,4.88888888888889,5.27777777777778,53.7222222222222,-0.300856088888889,0.444444444444444,0,0,0,0,0,1,1,1,99.1751940035273,152.086913309713,202.84892017072,235.636046111983,0.101388888888889,1,1,1,113.23285639379,153.121300886639,255.446737605162,313.491120329139,0.419444444444444,1,1,1,1.42630209156215,30,29,30,213,22.9621278144944,1278.85445471108,24,0,0,0,3.98382673755713,"S/C Zilakoma","MW2012C3010311",99.1751940035273,152.086913309713,202.84892017072,235.636046111983,0.101388888888889,1,1,1,1.42630209156215,30,29,0,0,213,22.9621278144944,0,1,0,0,0,0,0,0,1,0,0,0,0,0,0,0
10307413,2013,0,0.631578947368421,0.157894736842105,0.105263157894737,0,0,1.42105263157895,0.263157894736842,0,0,0.578947368421053,0.421052631578947,0,0.894736842105263,7.52631578947368,7,48.6842105263158,1.26315789473684,0.736842105263158,36.7894736842105,8.63157894736842,0.577368421052632,0.252631587368421,7.47368421052632,5.52631578947368,44.7105263157895,-0.300856485789474,0.421052631578947,0,0.263157894736842,0,0.263157894736842,0,1,1,0.947368421052632,75.9856732740943,88.2093554463027,127.834522997918,243.38079609773,0.336842105263158,1,1,1,73.3347362842496,158.002678749939,228.816436026323,278.174688435896,0.684210526315789,1,1,1,1.25966235411353,30,29,30,213,22.9621278144944,1278.85445471108,24,0,0,0,3.80020896194555,"S/C Fukamalaza","MW2012C3010311",75.9856732740943,88.2093554463027,127.834522997918,243.38079609773,0.336842105263158,1,1,1,1.25966235411353,30,29,0,0,213,22.9621278144944,0,0,1,0,0,0,0,0,0,0,1,0,0,0,0,0
10308636,2013,0,0.5625,0.125,0.125,0,0,0.9375,0.4375,0,0,0.4375,0.5625,0,0.75,6.4375,6,45.8125,1.25,5.375,27.8125,8.875,0.6125,0.03750000125,3.5,5.0625,56.625,-0.300856638125,0.5625,0,0,0,0,0,1,1,1,93.48125,99.0239195866286,87.9403735256878,230.003319303082,0,1,1,1,96.3669929858358,157.909700234767,259.042503684641,241.114031193269,0.333333333333333,1,1,1,1.11248378372987,31,24,30,213,22.9621278144944,1278.85445471108,24,0,0,0,4.0364505838032,"S/C Mkumbira","MW2012C3010311",93.48125,99.0239195866286,87.9403735256878,230.003319303082,0,1,1,1,1.11248378372987,31,24,0,0,213,22.9621278144944,0,1,0,0,0,0,0,0,0,1,0,0,0,0,0,0
10401140,2013,0.142857142857143,0.666666666666667,0.333333333333333,0.571428571428571,0.0476190476190476,0,1.71428571428571,0.428571428571429,0,0,0.238095238095238,0.761904761904762,0,0.904761904761905,4.61904761904762,6,39.0476190476191,1.23809523809524,2.28571428571429,52.8095238095238,12,1.11666666666667,0.285714295238095,1.76190476190476,5.80952380952381,56.9523809523809,0.21683994047619,0.761904761904762,0,0.0952380952380952,0.714285714285714,0,0.238095238095238,1.23809523809524,1,0.904761904761905,105.559369163352,243.466047376628,276.635282371735,668.422224600055,0.30607202576585,1,1,1,100.563213637204,256.770175629242,257.066160963798,349.629858784262,0.447032561511025,1,1,1,0.594992674406828,51,30,51,213,21.207329104428,746.125561618805,29,0,0,0,4.04221549678715,"Chikulamayembe","MW2012C3010417",104.745071161206,318.715869245082,353.559107270483,567.549850700515,0.21380014299633,1,1,1,0.69798592726812,64.3333333333333,30,0,0,213,21.0708929405153,0,1,0,0,0,0,0,0,0,1,0,0,0,0,0,0
10401522,2013,0,0.473684210526316,0,0.631578947368421,0,0,0.578947368421053,0.210526315789474,0,0,0.842105263157895,0.157894736842105,0,0.526315789473684,6.10526315789474,7,45.1052631578947,1.15789473684211,6.84210526315789,55.3157894736842,15.2105263157895,1.02315789473684,0.378947381052632,4.21052631578947,5.21052631578947,47.5526315789474,-0.300857564736842,0.157894736842105,0,0,0.842105263157895,0,0.842105263157895,1.26315789473684,1,0.947368421052632,93.8487158210134,379.497094794911,424.234100042775,420.002428170765,0.200456608351345,1,1,1,84.6083240502594,381.328461723863,391.072759403032,301.613394237988,0.318360397307766,1,1,1,0.603553586232802,70,30,51,213,21.207329104428,746.125561618805,29,0,0,0,3.86183713086584,"Chikulamayembe","MW2012C3010417",104.745071161206,318.715869245082,353.559107270483,567.549850700515,0.21380014299633,1,1,1,0.69798592726812,64.3333333333333,30,0,0,213,21.0708929405153,0,0,1,0,0,0,0,0,0,0,1,0,0,0,0,0
10507175,2013,0,0.35,0.1,0.15,0,0,0.35,0,0,0,0.9,0.1,0,0.25,4.55,7,41.1,1.15,14.45,44.15,4.65,1.108,0.570000019,4.7,4.5,36.6,-0.300856641,0.1,0,0,0.95,0,0.95,1.05,1,1,72.148,0.875394681573044,197.620397689086,154.463368759724,0.0772321428571429,1,1,1,88.8229822093968,89.0600339158169,172.901796959757,145.942753612039,0.438392857142857,1,1,1,0.876160579400774,70,24,31,213,22.3397395030993,1069.98945067146,24,0,0,0,3.60004824040732,"Mabulabo","MW2012C3010503",68.7075696055109,74.9576841115828,154.99174240961,69.5086535790935,0.136972758601048,1,1,1,0.896085319071885,63,24,0,0,213,22.3397395030993,0,0,1,0,0,0,0,0,0,0,1,0,0,0,0,0
10507344,2013,0.0476190476190476,0.476190476190476,0.142857142857143,0.571428571428571,0.0476190476190476,0.0476190476190476,1.14285714285714,0.333333333333333,0,0,0.428571428571429,0.571428571428571,0,0.571428571428571,4.38095238095238,7,46.5238095238095,1.23809523809524,5.57142857142857,54.4285714285714,5.47619047619048,1.21714285714286,0.428571442857143,0.714285714285714,5.80952380952381,54.8333333333333,-0.128291425238095,0.571428571428571,0,0.80952380952381,0.142857142857143,0,0.952380952380952,1.14285714285714,1,1,65.2671392110219,149.039973541593,112.363087130134,-15.4460616015372,0.196713374344953,1,1,1,86.4850428073707,128.032794000929,186.351871262771,136.609297994001,0.446941216678059,1,1,1,0.916010058742997,56,24,31,213,22.3397395030993,1069.98945067146,24,0,0,0,4.00429828153732,"Mabulabo","MW2012C3010503",68.7075696055109,74.9576841115828,154.99174240961,69.5086535790935,0.136972758601048,1,1,1,0.896085319071885,63,24,0,0,213,22.3397395030993,0,0,1,0,0,0,0,0,0,0,1,0,0,0,0,0
10735173,2013,0.3,0.55,0.5,0.2,0,0.1,2.1,0.65,0,0,0.25,0.75,0,0.85,5,5,42.9,1.3,1,11.35,14.7,1.1595,0.450000015,3.1,6.1,56.15,0.786306615,0.75,0,0.7,0.1,0,0.8,1,1,0.3,102.486281025973,253.191309548286,281.003907975507,418.883396560935,0.180012506012506,1,1,1,90.132280590089,247.065562601148,277.975907627575,413.804569476602,0.382692714692715,1,1,1,1.11586716684379,50,30,30,213,22.0334201902291,1348.71847687449,24,0,0,0,4.02802668118445,"Chibanja Ward","MW2012C3010309",102.486281025973,253.191309548286,281.003907975507,418.883396560935,0.180012506012506,1,1,1,1.11586716684379,50,30,0,0,213,22.0334201902291,0,1,0,0,0,0,0,0,1,0,0,0,0,0,0,0
10744649,2013,0.0588235294117647,0.470588235294118,0.235294117647059,0.235294117647059,0,0,0.941176470588235,0.470588235294118,0,0,0.352941176470588,0.647058823529412,0,0.647058823529412,4.58823529411765,7,35.3529411764706,1.17647058823529,2.94117647058824,9.70588235294118,13.0588235294118,1.26647058823529,0.60000002,2.47058823529412,5.94117647058824,59.5294117647059,-0.0876871729411765,0.647058823529412,0,0.764705882352941,0.0588235294117647,0,0.823529411764706,1.05882352941176,1,0.176470588235294,85.0178115209756,240.449888659098,304.146656127611,244.59468531886,0.244642085793082,1,1,1,82.4202367714777,307.322614462043,280.677683051935,252.153652885416,0.362865085782006,1,1,1,1.11586716684379,50,30,30,213,22.0334201902291,1348.71847687449,24,0,0,0,4.08647050579119,"Viphya Ward","MW2012C3010309",85.0178115209756,240.449888659098,304.146656127611,244.59468531886,0.244642085793082,1,1,1,1.11586716684379,50,30,0,0,213,22.0334201902291,0,0,1,0,0,0,0,0,0,0,1,0,0,0,0,0
20106042,2013,0,0.434782608695652,0.130434782608696,0.478260869565217,0,0,0.739130434782609,0.260869565217391,0,0,0.608695652173913,0.347826086956522,0.0434782608695652,0.434782608695652,4.30434782608696,6,43.4619565217391,1.26086956521739,6.08695652173913,11.3478260869565,5.17391304347826,1.04521739130435,0.521739147826087,2.26086956521739,5.91304347826087,57.8260869565217,-0.300856703043478,0.391304347826087,0,0.739130434782609,0.217391304347826,0,0.956521739130435,1.17391304347826,1,0.869565217391304,81.4622062022631,174.958899443377,408.522984266998,432.307462790682,0.266180920528747,1,1,1,93.8067398843746,160.294835361599,233.052056196042,256.350013978895,0.595469023729893,1,1,1,0.712138266878394,31,24,31,213,22.9977035200092,816.836660261531,24,0,0,0,4.05744000528665,"S/C Lukwa","MW2012C3020103",81.4622062022631,174.958899443377,408.522984266998,432.307462790682,0.266180920528747,1,1,1,0.712138266878394,31,24,0,0,213,22.9977035200092,0,1,0,0,0,0,0,0,0,1,0,0,0,0,0,0
20110620,2013,0,0.25,0.05,0.35,0,0.05,0.5,0.25,0,0,0.75,0.25,0,0.5,4.95,6,43.55,1.25,6.5,21.35,9.85,1.0805,0.450000015,3.3,5.55,54.3,-0.3008568955,0.25,0,0.9,0.05,0,0.95,1,1,0.95,72.307178806391,180.034457692867,209.640196859144,127.13102664333,0.413852813852814,1,1,1,90.6614387208585,153.013449211325,234.549174692636,106.639013938303,0.824025974025974,1,1,1,0.735011215869794,31,30,31,213,22.9977035200092,816.836660261531,24,0,0,0,3.99452422693989,"Chulu","MW2012C3020103",72.307178806391,180.034457692867,209.640196859144,127.13102664333,0.413852813852814,1,1,1,0.735011215869794,31,30,0,0,213,22.9977035200092,0,1,0,0,0,0,0,0,0,1,0,0,0,0,0,0
20111718,2013,0,0.454545454545455,0,0.636363636363636,0.0454545454545455,0,0.636363636363636,0.0909090909090909,0,0,0.818181818181818,0.181818181818182,0,0.454545454545455,6,6,40.9047619047619,1.04545454545455,16.6363636363636,40.4545454545455,9.59090909090909,1.10045454545455,0.163636369090909,7,5.36363636363636,50.9090909090909,-0.300857570909091,0.181818181818182,0,0,0.863636363636364,0,0.727272727272727,1.09090909090909,1,1,72.8966472142486,156.207322269652,211.342385029293,178.701249106751,0.243001704889182,1,1,1,40.1063461329897,80.4925029771109,156.194869780045,149.797420392085,0.795798273112248,1,1,1,0.777240659891779,51,24,31,213,22.9977035200092,816.836660261531,24,0,0,0,3.93004151093082,"Santhe","MW2012C3020103",72.8966472142486,156.207322269652,211.342385029293,178.701249106751,0.243001704889182,1,1,1,0.777240659891779,51,24,0,0,213,22.9977035200092,0,1,0,0,0,0,0,0,0,1,0,0,0,0,0,0
20112661,2013,0,0.368421052631579,0,0.210526315789474,0,0,0.631578947368421,0.105263157894737,0,0.315789473684211,0.842105263157895,0.157894736842105,0,0.368421052631579,5.89473684210526,7,49.3684210526316,1.10526315789474,25.8421052631579,35.6842105263158,10.8421052631579,1.03263157894737,0.536842123157895,5.94736842105263,4.15789473684211,42.0263157894737,-0.300857264736842,0.157894736842105,0,0,1,0,1,1,1,1,76.8635,231.665257851684,295.17227894102,292.211594879484,0.024390243902439,1,1,1,78.777286620944,179.222284586054,70.901960660766,132.801714344661,0.51219512195122,1,1,1,0.856783934606476,70,30,31,213,22.9977035200092,816.836660261531,24,0,0,0,3.73829598848863,"Wimbe","MW2012C3020103",76.8635,231.665257851684,295.17227894102,292.211594879484,0.024390243902439,1,1,1,0.856783934606476,70,30,0,0,213,22.9977035200092,0,0,1,0,0,0,0,0,0,0,1,0,0,0,0,0
20113112,2013,0,0.521739130434783,0.0434782608695652,0.347826086956522,0,0,0.521739130434783,0.173913043478261,0,0,0.826086956521739,0.130434782608696,0.0434782608695652,0.434782608695652,5.21739130434783,4,38.2173913043478,1.08695652173913,14.7391304347826,40.3478260869565,8.78260869565217,1.14826086956522,0.547826105217391,2.08695652173913,5.26086956521739,53.3260869565217,-0.300857196086956,0.173913043478261,0,0,0.91304347826087,0,0.173913043478261,1,1,1,101.306295226513,204.62371535538,188.798690815752,314.441191838699,0.166069906223359,1,1,1,107.823326491184,249.623762849163,215.654165155437,101.619480252023,0.541943734015345,1,1,1,0.993872837270598,67,30,31,213,22.9977035200092,816.836660261531,24,0,0,0,3.97642564776939,"Kapelula","MW2012C3020103",101.306295226513,204.62371535538,188.798690815752,314.441191838699,0.166069906223359,1,1,1,0.993872837270598,67,30,0,0,213,22.9977035200092,0,0,0,0,0,0,0,1,0,0,0,0,0,0,0,0
20115434,2013,0,0.608695652173913,0.0434782608695652,0.391304347826087,0,0,0.347826086956522,0.260869565217391,0,0,0.608695652173913,0.391304347826087,0,0.260869565217391,4.52173913043478,6,45.1304347826087,1.21739130434783,8.34782608695652,11.1739130434783,11.4782608695652,1.03565217391304,0.547826105217391,3.65217391304348,5.82608695652174,59.3695652173913,-0.30085728173913,0.391304347826087,0,0.869565217391304,0.0434782608695652,0.0434782608695652,0.869565217391304,1.30434782608696,1,0.869565217391304,95.8318327312395,83.2462020738652,119.136722726159,165.331358609295,0.249366429997169,1,1,1,102.65115145491,177.616313765878,247.740690743094,271.150994205998,0.485285836974857,1,1,1,0.709586662095688,31,24,31,213,22.9977035200092,816.836660261531,24,0,0,0,4.08378172498461,"Mwase","MW2012C3020103",95.8318327312395,83.2462020738652,119.136722726159,165.331358609295,0.249366429997169,1,1,1,0.709586662095688,31,24,0,0,213,22.9977035200092,0,1,0,0,0,0,0,0,0,1,0,0,0,0,0,0
20205207,2013,0,0.578947368421053,0,0.473684210526316,0,0,0.684210526315789,0.157894736842105,0,0,0.894736842105263,0.105263157894737,0,0.526315789473684,4.63157894736842,7,43.7894736842105,1.36842105263158,1,39.8421052631579,14.0526315789474,0.507894736842105,0.315789484210526,4.31578947368421,5.31578947368421,51.5789473684211,-0.300857555263158,0.105263157894737,0,0.157894736842105,0,0.105263157894737,0.0526315789473684,1,1,1,97.3180653021443,175.536323322585,342.654455854192,506.546796289263,0.199248120300752,1,1,1,82.5328156467173,192.962313221904,231.796131073612,326.970876117168,0.56015037593985,1,1,1,0.938341314415698,71,30,31,213,23.9074673934722,1100.80506449938,24,0,0,0,3.94311359249818,"Mwadzama","MW2012C3020211",97.3180653021443,175.536323322585,342.654455854192,506.546796289263,0.199248120300752,1,1,1,0.938341314415698,71,30,0,0,213,23.9074673934722,0,0,1,0,0,0,0,0,0,0,1,0,0,0,0,0
20206362,2013,0,0.65,0,0.6,0,0,0.45,0.1,0,0,0.8,0.2,0,0.35,4.8,4,36.2,1.2,14.9,41.85,3.7,0.655,0.330000011,2.15,5.65,50.325,-0.3008576745,0.2,0,0,0,0,0,1,1,1,85.4037916666667,118.735130775525,87.3999638816865,150.969068395977,0.267410714285714,1,1,1,109.076043187463,240.794265425259,231.874101369839,306.985106379095,0.276785714285714,1,1,1,0.921516009389682,71,30,66,212,24.0693728164888,981.715239103024,24,1,0,0,3.91850197152586,"Mwansambo","MW2012C3020213",85.4037916666667,118.735130775525,87.3999638816865,150.969068395977,0.267410714285714,1,1,1,0.921516009389682,71,30,0,1,212,24.0693728164888,0,0,0,0,0,0,0,1,0,0,0,0,0,0,0,0
20402198,2013,0.05,0.5,0.05,0.5,0.05,0.05,0.55,0.25,0,0.05,0.7,0.3,0,0.5,4.45,7,36.15,1.15,6.05,43.7,6.35,1.1415,0.030000001,2.6,5.3,47.95,-0.1196636785,0.3,0,0.05,0.8,0,0.85,1,1,0.95,82.6792115817771,279.429262586695,237.74407354161,215.269223443143,0.224137931034483,1,1,1,70.315097897526,143.128186081665,98.571164619737,133.773054248303,0.689655172413793,1,1,1,0.819406293455579,66,24,66,213,23.2037520765325,865.140062408014,23,0,0,0,3.87015880132945,"S/C Chakhazda","MW2012C3020403",82.6792115817771,279.429262586695,237.74407354161,215.269223443143,0.224137931034483,1,1,1,0.819406293455579,66,24,0,0,213,23.2037520765325,0,0,1,0,0,0,0,0,0,0,1,0,0,0,0,0
20404032,2013,0,0.388888888888889,0.0555555555555556,0.222222222222222,0,0,0.555555555555556,0.166666666666667,0,0.0555555555555556,0.888888888888889,0.111111111111111,0,0.388888888888889,4.83333333333333,5,49.8333333333333,1.33333333333333,0.444444444444444,30.6111111111111,13.5,0.942222222222222,0.200000006666667,1.77777777777778,4.77777777777778,47.25,-0.300856965,0.111111111111111,0,0,0.0555555555555556,0,0.0555555555555556,1,1,0.944444444444444,89.7577301587302,122.918067996123,306.616349042854,197.938588355696,0.408437314319667,1,1,1,94.1453214330129,195.199641079939,216.355593806549,249.461140694674,0.642503466032878,1,1,1,0.975257478323911,71,23,66,213,23.2037520765325,865.140062408014,23,0,0,0,3.85545265393975,"Chiwere","MW2012C3020403",82.5321963512678,174.676513324548,280.103206746102,225.577242086396,0.387849609540786,1,1,1,0.980413635083588,71,23,0,0,213,23.2037520765325,0,1,0,0,0,0,0,0,1,0,0,0,0,0,0,0
20404575,2013,0,0.380952380952381,0,0.380952380952381,0,0,0.285714285714286,0,0,0,1,0,0,0.285714285714286,4.52380952380952,6,42.6190476190476,1.0952380952381,5.42857142857143,31.5714285714286,13.8571428571429,0.82047619047619,0.057142859047619,4.57142857142857,5.28571428571429,50.2619047619048,-0.300857363809524,0,0,0,0,0,0,1,1,1,75.3066625438054,226.434958652973,253.59006444935,253.215895817097,0.367261904761905,1,1,1,75.6700560962694,203.366955683963,88.0496427927803,107.808508387799,1,1,1,1,0.985569791843264,71,23,66,213,23.2037520765325,865.140062408014,23,0,0,0,3.91724742956495,"Chiwere","MW2012C3020403",82.5321963512678,174.676513324548,280.103206746102,225.577242086396,0.387849609540786,1,1,1,0.980413635083588,71,23,0,0,213,23.2037520765325,0,1,0,0,0,0,0,0,0,1,0,0,0,0,0,0
20405366,2013,0,0.5,0.0555555555555556,0.444444444444444,0,0,0.666666666666667,0.222222222222222,0,0,0.555555555555556,0.444444444444444,0,0.555555555555556,5.22222222222222,7,40.4444444444444,1.11111111111111,3.33333333333333,33.7777777777778,7.05555555555556,1.22277777777778,0,0.888888888888889,5.05555555555556,52.7222222222222,-0.300857163333333,0.444444444444444,0,0,0,0,0,1,1,0.944444444444444,47.3924074074074,73.5377022480136,150.266511172748,85.8973835168182,0.37037037037037,1,1,1,74.7117360780204,198.974206893596,138.841197519175,167.911131033227,0.580246913580247,1,1,1,0.926939483365379,51,27,66,213,23.2037520765325,865.140062408014,23,0,0,0,3.96503704071376,"S/C Mkukula","MW2012C3020403",47.3924074074074,73.5377022480136,150.266511172748,85.8973835168182,0.37037037037037,1,1,1,0.926939483365379,51,27,0,0,213,23.2037520765325,0,0,1,0,0,0,0,0,0,0,1,0,0,0,0,0
20407398,2013,0,0.409090909090909,0,0.227272727272727,0,0,0.238636363636364,0,0,0,1,0,0,0.272727272727273,5.22727272727273,4,41.7727272727273,1.22727272727273,2.45454545454545,37.5,5.18181818181818,1.34045454545455,0.490909107272727,3.09090909090909,5.31818181818182,52.0454545454545,-0.300857302272727,0,0,0,0.0454545454545455,0,0.0454545454545455,1,1,1,75.9826262626263,132.617865965247,185.006624770856,222.030335813984,0.252622377622378,1,1,1,93.412488244152,208.745420201949,42.3896944700087,104.771925262607,0.761363636363636,1,1,1,0.848017813640265,51,24,66,213,23.2037520765325,865.140062408014,23,0,0,0,3.95211746263002,"S/C Mponela","MW2012C3020403",83.0050968188468,138.909553606353,188.857656756602,181.937433486793,0.209680296555297,1,1,1,0.815000055400752,58.5,24,0,0,213,23.2037520765325,0,0,0,0,0,0,0,1,0,0,0,0,0,0,0,0
20407481,2013,0.111111111111111,0.555555555555556,0.111111111111111,0.388888888888889,0,0,0.944444444444444,0.388888888888889,0,0.0555555555555556,0.611111111111111,0.388888888888889,0,0.5,4.77777777777778,5,47.7222222222222,1.11111111111111,0.0555555555555556,46.0555555555556,3.11111111111111,1.14666666666667,0.266666675555556,1.83333333333333,5.38888888888889,54.8888888888889,0.101795362222222,0.388888888888889,0,0.111111111111111,0,0,0.111111111111111,1,1,0.888888888888889,90.0275673750674,145.201241247459,192.708688742348,141.844531159601,0.166738215488215,1,1,1,84.4760779066975,133.554347393855,130.708609806313,216.299948718599,0.770875420875421,1,1,1,0.781982297161239,66,24,66,213,23.2037520765325,865.140062408014,23,0,0,0,4.0053109398517,"S/C Mponela","MW2012C3020403",83.0050968188468,138.909553606353,188.857656756602,181.937433486793,0.209680296555297,1,1,1,0.815000055400752,58.5,24,0,0,213,23.2037520765325,0,1,0,0,0,0,0,0,1,0,0,0,0,0,0,0
20507089,2013,0,0.0526315789473684,0,0.315789473684211,0,0,0.315789473684211,0.0526315789473684,0,0,0.894736842105263,0.105263157894737,0,0.263157894736842,4.89473684210526,7,42,1.26315789473684,4.68421052631579,23.3157894736842,4.84210526315789,0.539473684210526,0.0315789484210526,5.84210526315789,5.21052631578947,46.6578947368421,-0.300857095263158,0.105263157894737,0,0.0526315789473684,0.842105263157895,0,0.0526315789473684,1.10526315789474,1.10526315789474,0.947368421052632,77.6893609022556,148.937454578071,223.165133796395,192.158444563005,0.321052631578947,1,1,1,81.1812466228866,35.1228882796953,76.6051792659774,97.2358783525682,0.821052631578947,1,1,1,0.752137731235371,71,24,71,195,24.69269957923,799.849506330987,23,18,0,0,3.84284214634782,"Khombedza","MW2012C3020513",75.0181179511278,250.679764674887,250.316340406608,287.193817216217,0.260526315789474,1,1,1,0.751285998343804,71,24,0,18,195,24.69269957923,0,0,1,0,0,0,0,0,0,0,1,0,0,0,0,0
20507459,2013,0,0.55,0.2,0.55,0,0,0.85,0.4,0,0,0.5,0.5,0,0.55,4.9,7,43.25,1.3,2.35,27,4.6,0.5615,0.240000008,0.65,5.65,62.4,-0.300856421,0.5,0,0.05,0.05,0.05,0,1,1,1,72.346875,352.422074771704,277.467547016821,382.229189869428,0.2,1,1,1,77.1025224502546,290.95430339071,209.400490592671,322.236854658819,0.55,1,1,1,0.750434265452238,71,24,71,195,24.69269957923,799.849506330987,23,18,0,0,4.13356527537538,"Khombedza","MW2012C3020513",75.0181179511278,250.679764674887,250.316340406608,287.193817216217,0.260526315789474,1,1,1,0.751285998343804,71,24,0,18,195,24.69269957923,0,0,1,0,0,0,0,0,0,0,1,0,0,0,0,0
20508349,2013,0.0416666666666667,0.458333333333333,0.25,0.416666666666667,0,0,0.958333333333333,0.291666666666667,0,0.0416666666666667,0.708333333333333,0.291666666666667,0,0.583333333333333,5.29166666666667,5,40.4583333333333,1.20833333333333,1,35.1666666666667,11,0.597916666666667,0.550000018333333,2.25,5.125,44.2083333333333,-0.149861414166667,0.291666666666667,0,0.0416666666666667,0.0416666666666667,0,0.0833333333333333,1.5,1.125,0.916666666666667,100.74615586251,186.064040840518,226.890160089913,228.836442866414,0.273843428664456,1,1,1,91.5490759085691,288.054419542165,236.393367526292,202.654158876793,0.489713050671634,1,1,1,0.77992204893294,71,24,71,195,24.69269957923,799.849506330987,23,18,0,0,3.78891330826604,"S/C Mwanza","MW2012C3020513",100.74615586251,186.064040840518,226.890160089913,228.836442866414,0.273843428664456,1,1,1,0.77992204893294,71,24,0,18,195,24.69269957923,0,1,0,0,0,0,0,0,1,0,0,0,0,0,0,0
20801046,2013,0,0.470588235294118,0,0.647058823529412,0,0,0.588235294117647,0.176470588235294,0,0,0.529411764705882,0.470588235294118,0,0.470588235294118,4.52941176470588,6,53.3529411764706,1.29411764705882,12,28.6470588235294,5.41176470588235,1.24529411764706,0.0705882376470588,4.35294117647059,4.88235294117647,44.7352941176471,-0.300857571176471,0.470588235294118,0,0,0,0,0,1,1,1,90.8025,158.224229707065,181.107913380667,14.7849093586021,0,1,1,1,91.912629119562,280.016831442803,276.591520106225,132.453827037899,0.75,1,1,1,0.931927114121697,51,28,51,213,23.4936749668748,968.722753791177,12,0,0,0,3.80076276764313,"Pemba","MW2012C3020803",90.8025,158.224229707065,181.107913380667,14.7849093586021,0,1,1,1,0.931927114121697,51,28,0,0,213,23.4936749668748,0,1,0,0,0,0,0,0,0,1,0,0,0,0,0,0
20802019,2013,0,0.363636363636364,0,0.590909090909091,0,0,0.0454545454545455,0,0,0,0.909090909090909,0.0909090909090909,0,0.0454545454545455,4.63636363636364,7,42.6818181818182,1.18181818181818,22.7272727272727,40.4090909090909,5.18181818181818,1.22090909090909,0,7.95454545454545,4.86363636363636,41.8181818181818,-0.300857463636364,0.0909090909090909,0,0,0.590909090909091,0,0.590909090909091,1,1,1,76.9030113636364,216.82726186258,252.371318513974,103.775028177142,0.0272727272727273,1,1,1,89.7124566393602,284.294961441071,279.231422461177,136.287647086153,0.568181818181818,1,1,1,0.912611334788449,51,13,51,213,23.4936749668748,968.722753791177,12,0,0,0,3.73333121668477,"S/C Chilikumwenda","MW2012C3020803",76.9030113636364,216.82726186258,252.371318513974,103.775028177142,0.0272727272727273,1,1,1,0.912611334788449,51,13,0,0,213,23.4936749668748,0,0,1,0,0,0,0,0,0,0,1,0,0,0,0,0
20803156,2013,0,0.4,0,0.133333333333333,0,0,0.2,0,0,0,0.666666666666667,0.333333333333333,0,0.2,5.86666666666667,5,49.2666666666667,1.33333333333333,3.2,25.4666666666667,4.66666666666667,1.25533333333333,0.0400000013333333,1.66666666666667,4.73333333333333,39.4333333333333,-0.300857245333333,0.333333333333333,0,0,0,0,0,1,1,1,85.35,158.102627910542,181.047414112336,14.7909407682174,0,1,1,1,98.9187307493315,276.176050811274,274.170312387248,129.133323754411,0.8,1,1,1,0.955713140440249,49,28,51,213,23.4936749668748,968.722753791177,12,0,0,0,3.67461148231623,"S/C Kaphuka","MW2012C3020803",85.35,158.102627910542,181.047414112336,14.7909407682174,0,1,1,1,0.955713140440249,49,28,0,0,213,23.4936749668748,0,1,0,0,0,0,0,0,1,0,0,0,0,0,0,0
20804405,2013,0,0.3125,0.125,0.3125,0,0,0.6875,0.375,0,0,0.5625,0.4375,0,0.4375,5.25,5,44.6875,1.125,18.0625,34.8125,6.9375,1.23125,0.5250000175,5.75,4.25,43.65625,-0.300856558125,0.4375,0,0,0,0,0,1,1,0.9375,96.4451411290323,308.585031987225,389.806544313578,339.911210402652,0.151700191570881,1,1,1,86.3194495722141,277.594430621313,236.524195290072,292.347878446119,0.711087164750958,1,1,1,0.953088848341109,68,27,51,213,23.4936749668748,968.722753791177,12,0,0,0,3.77634645645724,"Tambala","MW2012C3020803",90.5557111895161,259.630254232808,320.262881752009,220.632033016068,0.120850095785441,1,1,1,0.945523631966694,59.5,25,0,0,213,23.4936749668748,0,1,0,0,0,0,0,0,1,0,0,0,0,0,0,0
20804768,2013,0,0.15,0.05,0.25,0,0,0.35,0.1,0,0.05,0.95,0.05,0,0.3,5.55,6,42.7,1.35,14.2,28.15,2.4,1.433,0.60000002,11.85,4.4,37.3,-0.300856842,0.05,0,0,0,0,0,1,1,0.95,84.66628125,210.675476478391,250.719219190439,101.352855629484,0.09,1,1,1,93.2037456257829,280.168679669843,276.651391660552,132.654094653951,0.7725,1,1,1,0.937958415592278,51,23,51,213,23.4936749668748,968.722753791177,12,0,0,0,3.61899332664977,"Tambala","MW2012C3020803",90.5557111895161,259.630254232808,320.262881752009,220.632033016068,0.120850095785441,1,1,1,0.945523631966694,59.5,25,0,0,213,23.4936749668748,0,1,0,0,0,0,0,0,0,1,0,0,0,0,0,0
20806131,2013,0,0.166666666666667,0,0.111111111111111,0,0,0.0555555555555556,0,0,0,0.944444444444444,0.0555555555555556,0,0.0555555555555556,4.33333333333333,7,44.2777777777778,1.38888888888889,16.2777777777778,18.6111111111111,6.33333333333333,1.49277777777778,0.60000002,3.22222222222222,4.33333333333333,33.6666666666667,-0.300857067777778,0.0555555555555556,0,0,0,0,0,1,1,1,44.3566666666667,107.461966959625,45.2955495133663,32.2655616716678,0.25,1,1,1,89.7125837524781,283.788536835042,278.924586220866,135.822054119247,0.5,1,1,1,0.921844685430145,51,23,51,213,23.4936749668748,968.722753791177,12,0,0,0,3.51650822817315,"Kasumbu","MW2012C3020803",44.3566666666667,107.461966959625,45.2955495133663,32.2655616716678,0.25,1,1,1,0.921844685430145,51,23,0,0,213,23.4936749668748,0,0,1,0,0,0,0,0,0,0,1,0,0,0,0,0
20807727,2013,0,0.272727272727273,0,0.272727272727273,0,0,0.318181818181818,0,0,0,1,0,0,0.318181818181818,5.45454545454545,4,37.5909090909091,1.09090909090909,1.54545454545455,27.4090909090909,7.36363636363636,0.525,0.463636379090909,7.04545454545455,4.59090909090909,37.7954545454545,-0.300857229545455,0,0,0,0,0,0,1.5,1.04545454545455,1,94.491293195109,145.18403550928,132.791423057021,79.0326525757418,0.225378787878788,1,1,1,108.430175259199,290.26089962696,219.506270301033,227.633175071908,0.53030303030303,1,1,1,0.828719091517184,51,16,51,213,24.4893146067158,924.502719595121,11,0,0,0,3.63218884527467,"Kachindamoto","MW2012C3020913",94.491293195109,145.18403550928,132.791423057021,79.0326525757418,0.225378787878788,1,1,1,0.828719091517184,51,16,0,0,213,24.4893146067158,0,0,0,0,0,0,0,1,0,0,0,0,0,0,0,0
20808421,2013,0,0.476190476190476,0,0.333333333333333,0,0,0.285714285714286,0.0476190476190476,0,0,0.80952380952381,0.19047619047619,0,0.285714285714286,4.38095238095238,4,39.9047619047619,1.14285714285714,7.09523809523809,9.80952380952381,3.66666666666667,1.4852380952381,0.57142859047619,3.38095238095238,5.19047619047619,40.8809523809524,-0.300857406190476,0.19047619047619,0,0,0,0,0,1,1,1,106.161827605019,213.618045617142,230.602730127565,263.559930529136,0.0690192743764172,1,1,1,100.249005930597,94.2020772140074,232.849754777398,187.502405858553,0.800170068027211,1,1,1,1.07575900483063,51,16,51,213,23.4936749668748,968.722753791177,12,0,0,0,3.71066424261411,"S/C Kamenya Gwaza","MW2012C3020803",106.161827605019,213.618045617142,230.602730127565,263.559930529136,0.0690192743764172,1,1,1,1.07575900483063,51,16,0,0,213,23.4936749668748,0,0,0,0,0,0,0,1,0,0,0,0,0,0,0,0
20903583,2013,0.0434782608695652,0.565217391304348,0.130434782608696,0.347826086956522,0.0434782608695652,0,1.17391304347826,0.217391304347826,0,0,0.652173913043478,0.347826086956522,0,0.652173913043478,4.34782608695652,7,41.7391304347826,1.34782608695652,0.521739130434783,34.2173913043478,3.26086956521739,1.10478260869565,0.547826105217391,2.39130434782609,5.65217391304348,53.6086956521739,-0.143297179130435,0.347826086956522,0,0.91304347826087,0,0,0.91304347826087,1.04347826086957,1,0.956521739130435,65.1362173913043,188.070166187552,190.927592688026,192.204649223504,0.333333333333333,1,1,1,76.883146717519,179.163342630965,100.336468462159,150.393903552223,0.808695652173913,1,1,1,1.01351518963876,48,28,51,213,24.4893146067158,924.502719595121,11,0,0,0,3.98171128723519,"Kwataine","MW2012C3020913",65.1362173913043,188.070166187552,190.927592688026,192.204649223504,0.333333333333333,1,1,1,1.01351518963876,48,28,0,0,213,24.4893146067158,0,0,1,0,0,0,0,0,0,0,1,0,0,0,0,0
20906524,2013,0,0.25,0.05,0.3,0,0,0.3,0.3,0,0.05,0.6,0.4,0,0.25,5.3,6,45.7,1.5,6.3,35.6,7.25,1.016,0.030000001,2.75,4.85,41.925,-0.300856939,0.4,0,0,0.9,0,0.9,1.05,1,0.9,71.8378189466783,175.771623204236,260.256799437336,234.994765819376,0.23125,1,1,1,78.3689953707292,150.842826930918,280.687294982314,178.750397671882,0.4575,1,1,1,0.940492039745701,48,28,51,213,24.4893146067158,924.502719595121,11,0,0,0,3.73588230770927,"Njolomole","MW2012C3020913",74.290847076999,226.559731765677,189.786266969762,227.578256184494,0.223023873527906,1,1,1,0.925155401711728,48,25.5,0,0,213,24.4893146067158,0,1,0,0,0,0,0,0,0,1,0,0,0,0,0,0
20906605,2013,0,0.333333333333333,0.0555555555555556,0.444444444444444,0,0,0.722222222222222,0.222222222222222,0,0,0.666666666666667,0.277777777777778,0.0555555555555556,0.444444444444444,4.77777777777778,6,48.6666666666667,1.44444444444444,7.72222222222222,42.7777777777778,5.27777777777778,0.943888888888889,0.133333337777778,4.72222222222222,5,44.6388888888889,-0.300857043888889,0.333333333333333,0,0,0.611111111111111,0,0.611111111111111,1.05555555555556,1,0.944444444444444,76.7438752073197,277.347840327118,119.315734502188,220.161746549613,0.214797747055812,1,1,1,80.7173407082853,110.165118959695,98.9248733123778,78.5799714252134,0.513440860215054,1,1,1,0.909818763677756,48,23,51,213,24.4893146067158,924.502719595121,11,0,0,0,3.7986054272814,"Njolomole","MW2012C3020913",74.290847076999,226.559731765677,189.786266969762,227.578256184494,0.223023873527906,1,1,1,0.925155401711728,48,25.5,0,0,213,24.4893146067158,0,1,0,0,0,0,0,0,0,1,0,0,0,0,0,0
20908088,2013,0.111111111111111,0.555555555555556,0.277777777777778,0.555555555555556,0.0555555555555556,0,1.11111111111111,0.5,0,0,0.5,0.5,0,0.666666666666667,5.44444444444444,4,44.3333333333333,1.22222222222222,0.833333333333333,44,1.83333333333333,0.608888888888889,0.366666678888889,2.22222222222222,5.38888888888889,45.8333333333333,0.101796216111111,0.5,0,0.0555555555555556,0,0,0.0555555555555556,1.83333333333333,1,0.944444444444444,100.804870643038,144.795419624863,202.333312258109,248.475010091017,0.298421052631579,1,1,1,113.62179963303,218.442030930534,241.490399049354,111.305834649836,0.664941520467836,1,1,1,0.848727613635181,48,24,51,213,24.4893146067158,924.502719595121,11,0,0,0,3.82501162843852,"S/C Goodson Ganya","MW2012C3020913",81.0067210358048,207.426262955433,235.941107098013,235.164211059932,0.315877192982456,1,1,1,0.83600332614778,48,20,0,0,213,24.4893146067158,0,0,0,0,0,0,0,1,0,0,0,0,0,0,0,0
20908119,2013,0,0.411764705882353,0.0588235294117647,0.470588235294118,0,0,0.294117647058824,0,0,0,0.941176470588235,0.0588235294117647,0,0.176470588235294,5.17647058823529,7,39.1764705882353,1.17647058823529,3.47058823529412,41.2352941176471,4.05882352941176,0.584117647058824,0.211764712941176,5.58823529411765,5.47058823529412,49.4411764705882,-0.300857095294118,0.0588235294117647,0,0.0588235294117647,0,0,0.0588235294117647,1,1,0.941176470588235,61.2085714285714,270.057106286003,269.548901937917,221.853412028847,0.333333333333333,1,1,1,44.3566666666667,107.461849870911,96.3556366275469,58.8525488523227,0.571428571428571,1,1,1,0.823279038660379,48,16,51,213,24.4893146067158,924.502719595121,11,0,0,0,3.90078360879245,"S/C Goodson Ganya","MW2012C3020913",81.0067210358048,207.426262955433,235.941107098013,235.164211059932,0.315877192982456,1,1,1,0.83600332614778,48,20,0,0,213,24.4893146067158,0,0,1,0,0,0,0,0,0,0,1,0,0,0,0,0
20909113,2013,0.0952380952380952,0.285714285714286,0.142857142857143,0.380952380952381,0,0,0.666666666666667,0.238095238095238,0,0,0.714285714285714,0.285714285714286,0,0.428571428571429,5.66666666666667,5,43.1428571428571,1.23809523809524,3.14285714285714,26.6190476190476,2.19047619047619,0.620476190476191,0.457142872380952,3.85714285714286,5.71428571428571,50,0.0442739995238095,0.285714285714286,0,0,0,0,0,1.85714285714286,1,0.857142857142857,110.153417641231,222.300984285102,377.798829131762,250.30936184083,0.156777715038585,1,1,1,100.366178020103,204.463553180266,119.499501619916,222.047893782169,0.328138528138528,1,1,1,0.790386689710368,51,17,51,213,24.4893146067158,924.502719595121,11,0,0,0,3.91202300542815,"Masasa","MW2012C3020913",110.153417641231,222.300984285102,377.798829131762,250.30936184083,0.156777715038585,1,1,1,0.790386689710368,51,17,0,0,213,24.4893146067158,0,1,0,0,0,0,0,0,1,0,0,0,0,0,0,0
30104708,2013,0,0.222222222222222,0,0.666666666666667,0,0,0.277777777777778,0.222222222222222,0,0,0.666666666666667,0.333333333333333,0,0.277777777777778,4.72222222222222,5,45.3333333333333,1.44444444444444,2.72222222222222,22.5,9.94444444444444,0.976666666666667,0.100000003333333,7,4.94444444444444,48.9444444444444,-0.300857403333333,0.333333333333333,0,0,0.944444444444444,0,0.944444444444444,1,1,1,76.4033333333333,285.639660891355,600.77786931254,668.05897500349,0.4,1,1,1,97.0292491208404,75.683037636605,442.870016865549,411.092441881259,1,1,1,1,0.891976624690397,51,23,51,213,25.0631220499675,962.786085213103,15,0,0,0,3.89068586804001,"Jalasi","MW2012C3030114",76.4033333333333,285.639660891355,600.77786931254,668.05897500349,0.4,1,1,1,0.891976624690397,51,23,0,0,213,25.0631220499675,0,1,0,0,0,0,0,0,1,0,0,0,0,0,0,0
30105325,2013,0.05,0.25,0.15,0.65,0,0,0.7,0.45,0,0,0.5,0.5,0,0.45,5.05,4,40.9,1.4,16.1,36.1,15.3,0.7825,0.480000016,4.2,4.85,51.425,-0.119663052,0.5,0,0,0.8,0,0.7,1.8,1,0.9,116.587370293093,268.127558322048,478.344029895061,379.51920560329,0.21055023923445,1,1,1,106.925023992489,220.780743844282,320.897495072935,275.604152428804,0.297300630309674,1,1,1,0.977871164006228,51,23,51,213,25.0631220499675,962.786085213103,15,0,0,0,3.94012443553902,"S/C M'bwana Nyambi","MW2012C3030114",111.976479264194,154.739583597718,468.401685867322,507.573147721122,0.299392766676048,1,1,1,0.945089239763629,51,23,0,0,213,25.0631220499675,0,0,0,0,0,0,0,1,0,0,0,0,0,0,0,0
30105448,2013,0,0.352941176470588,0,0.529411764705882,0,0,0.294117647058824,0.0588235294117647,0,0,0.823529411764706,0.176470588235294,0,0.294117647058824,5.11764705882353,5,49.3529411764706,1.29411764705882,10.8235294117647,37.4117647058824,16.3529411764706,0.825294117647059,0.317647069411765,7.47058823529412,4.82352941176471,46.7647058823529,-0.300857424705882,0.176470588235294,0,0,1,0,1,1,1.05882352941176,1,107.365588235294,41.3516088733886,458.459341839584,635.627089838955,0.388235294117647,1,1,1,108.534028719448,217.285979346344,523.187624965022,319.339348932168,0.988235294117647,1,1,1,0.912307315521029,51,23,51,213,25.0631220499675,962.786085213103,15,0,0,0,3.84512877059812,"S/C M'bwana Nyambi","MW2012C3030114",111.976479264194,154.739583597718,468.401685867322,507.573147721122,0.299392766676048,1,1,1,0.945089239763629,51,23,0,0,213,25.0631220499675,0,1,0,0,0,0,0,0,1,0,0,0,0,0,0,0
30107624,2013,0,0.25,0.0625,0.5,0.0625,0,0.25,0.0625,0,0,0.9375,0.0625,0,0.1875,5,7,43.3125,1.375,26.25,42.0625,20.25,1.055,0.18750000625,3.125,4.875,41.75,-0.300856999375,0.0625,0,0,1,0,1,1,1,1,77.285,209.699,249.115615064601,586.667180657157,0.5,1,1,1,70.7000773544915,138.929106205532,434.361509430662,464.257356757382,0.75,1,1,1,0.964691194981875,51,24,51,213,25.0631220499675,962.786085213103,15,0,0,0,3.73169945129686,"Katuli","MW2012C3030114",77.285,209.699,249.115615064601,586.667180657157,0.5,1,1,1,0.964691194981875,51,24,0,0,213,25.0631220499675,0,0,1,0,0,0,0,0,0,0,1,0,0,0,0,0
30206341,2013,0.19047619047619,0.333333333333333,0.238095238095238,0.428571428571429,0,0,0.666666666666667,0.380952380952381,0,0,0.571428571428571,0.428571428571429,0,0.428571428571429,5.38095238095238,6,48.5714285714286,1.23809523809524,21.7619047619048,28.1428571428571,5.23809523809524,0.71,0.60000002,6.85714285714286,5.71428571428571,52.2380952380952,0.389404962857143,0.428571428571429,0,0.0476190476190476,0,0,0.0476190476190476,1,1,0.952380952380952,82.7784737484737,352.51323613927,506.561017773551,372.344525068491,0.51622187336473,1,1,1,80.6147418571096,262.519800923083,246.767527595789,258.800374655726,0.533228676085819,1,1,1,0.827004548718805,67,16,48,213,24.7819543972822,1001.13745949234,10,0,0,0,3.95581202255181,"S/C Mlomba","MW2012C3030204",74.1804273504274,332.233693653872,459.388883357517,351.454065505783,0.449197627769056,1,1,1,0.833439293099386,67,14,0,0,213,24.7819543972822,0,1,0,0,0,0,0,0,0,1,0,0,0,0,0,0
30206572,2013,0,0.476190476190476,0,0.666666666666667,0,0,0.476190476190476,0.238095238095238,0,0,0.666666666666667,0.333333333333333,0,0.380952380952381,5.38095238095238,6,42.3809523809524,1.28571428571429,30.952380952381,36.0952380952381,4.61904761904762,0.67047619047619,0.57142859047619,1.28571428571429,4.95238095238095,48.1190476190476,-0.300857585238095,0.333333333333333,0,0,0.952380952380952,0,0.0476190476190476,1,1,0.952380952380952,65.5823809523809,311.954151168474,412.216748941482,330.563605943075,0.382173382173382,1,1,1,80.5924295327132,279.725586107743,192.692210406775,279.358459213549,0.544566544566545,1,1,1,0.839874037479968,67,12,48,213,24.7819543972822,1001.13745949234,10,0,0,0,3.87367809912025,"S/C Mlomba","MW2012C3030204",74.1804273504274,332.233693653872,459.388883357517,351.454065505783,0.449197627769056,1,1,1,0.833439293099386,67,14,0,0,213,24.7819543972822,0,1,0,0,0,0,0,0,0,1,0,0,0,0,0,0
30208396,2013,0,0.409090909090909,0.0909090909090909,0.818181818181818,0.0909090909090909,0,0.409090909090909,0.0909090909090909,0,0,0.818181818181818,0.181818181818182,0,0.363636363636364,4.5,7,39.7272727272727,1.18181818181818,44.6818181818182,63,11.8636363636364,0.663636363636364,0.0272727281818182,3.90909090909091,5.22727272727273,51.6818181818182,-0.300857130454545,0.181818181818182,0,0,0.954545454545455,0,0.954545454545455,1,1,1,87.765,330.406286134144,194.632119136944,190.034731422085,0,1,1,1,58.7487477627128,40.0031394334055,243.702020054421,212.210644251143,0.75,1,1,1,0.94151655030618,51,23,48,213,24.7819543972822,1001.13745949234,10,0,0,0,3.94510604039222,"S/C Ngokwe","MW2012C3030204",87.765,330.406286134144,194.632119136944,190.034731422085,0,1,1,1,0.94151655030618,51,23,0,0,213,24.7819543972822,0,0,1,0,0,0,0,0,0,0,1,0,0,0,0,0
30212492,2013,0,0.235294117647059,0,0.647058823529412,0,0,0.176470588235294,0.0588235294117647,0,0,0.941176470588235,0.0588235294117647,0,0.176470588235294,5.35294117647059,5,42.4705882352941,1.17647058823529,40.0588235294118,55.7647058823529,7,0.727058823529412,0.564705901176471,3.47058823529412,4.70588235294118,46.4705882352941,-0.300857402352941,0.0588235294117647,0,0,0,0,0,1,1,1,97.7425,317.568262217241,182.79938003201,186.988814051291,0.2,1,1,1,84.0093074445193,41.8625403471918,236.978333449276,214.429709925713,0.8,1,1,1,0.991946590844955,51,23,48,213,24.7819543972822,1001.13745949234,10,0,0,0,3.83881960140485,"Nyambi","MW2012C3030204",94.7663031187798,317.753544705891,303.467616132427,229.601680699637,0.187012194155051,1,1,1,1.00377397476227,59,19.5,0,0.5,212.5,24.9305380736159,0,1,0,0,0,0,0,0,1,0,0,0,0,0,0,0
30302601,2013,0,0.380952380952381,0.0952380952380952,0.619047619047619,0,0,0.523809523809524,0.19047619047619,0,0,0.80952380952381,0.19047619047619,0,0.380952380952381,5.38095238095238,6,39.4761904761905,1.14285714285714,17.9047619047619,27.7142857142857,7.38095238095238,0.725238095238095,0.514285731428571,4.47619047619048,5.57142857142857,56.2142857142857,-0.300856942380952,0.19047619047619,0,0.0476190476190476,0,0,0.0476190476190476,1.19047619047619,2,0.857142857142857,80.2798071057905,295.348173665505,412.006656882777,206.624806684577,0.205240394895567,1,1,1,81.7909606858626,218.780043771478,281.455439592525,228.894690388426,0.360398687984895,1,1,1,0.786034187545441,67,27,40,213,24.2591150704684,911.881491269821,13,0,0,0,4.02917091880214,"Mwambo","MW2012C3030304",80.2798071057905,295.348173665505,412.006656882777,206.624806684577,0.205240394895567,1,1,1,0.786034187545441,67,27,0,0,213,24.2591150704684,0,1,0,0,0,0,0,0,0,1,0,0,0,0,0,0
30305082,2013,0,0.823529411764706,0.117647058823529,0.823529411764706,0,0,0.470588235294118,0.294117647058824,0,0,0.588235294117647,0.411764705882353,0,0.352941176470588,5.70588235294118,6,45.2941176470588,1.17647058823529,17.3529411764706,24.2352941176471,7.64705882352941,0.698823529411765,0.388235307058824,2.35294117647059,5.41176470588235,47.5882352941176,-0.300857238235294,0.411764705882353,0,0,0,0,0,1.05882352941176,2,1,75.6648604958455,255.230031671243,353.472754683532,310.576176951159,0.181585677749361,1,1,1,69.1783436212905,229.568933459713,280.143240549382,295.211904536913,0.780051150895141,1,1,1,0.819163220279148,51,29,40,213,24.2591150704684,911.881491269821,13,0,0,0,3.86258557300228,"S/C Mbiza","MW2012C3030304",86.2818783096892,273.525991030256,406.672639465289,293.938087267131,0.272255202676227,1,1,1,0.835546528138615,37,24.6666666666667,0,0,213,24.3661961419668,0,1,0,0,0,0,0,0,0,1,0,0,0,0,0,0
30305277,2013,0,0.65,0.1,0.55,0,0,0.75,0.1,0,0.05,0.75,0.25,0,0.5,3.95,4,38.4,1.1,6.55,15.95,9.35,0.915,0.210000007,4.2,5.65,50.75,-0.3008570695,0.25,0,0,0,0,0,1.7,1.05,0.95,105.051267122351,288.420933086277,387.32623251596,257.613534562905,0.280965517241379,1,1,1,115.99042574869,102.656070085298,185.567122758515,165.684154781737,0.476588669950739,1,1,1,0.870552347395315,30,29,68,213,24.4197366777161,950.513112691141,13,0,0,0,3.9269116179219,"S/C Mbiza","MW2012C3030314",86.2818783096892,273.525991030256,406.672639465289,293.938087267131,0.272255202676227,1,1,1,0.835546528138615,37,24.6666666666667,0,0,213,24.3661961419668,0,0,0,0,0,0,0,1,0,0,0,0,0,0,0,0
30305580,2013,0,0.545454545454545,0,0.590909090909091,0,0,0.227272727272727,0.272727272727273,0,0,0.590909090909091,0.409090909090909,0,0.227272727272727,4.18181818181818,6,40.8181818181818,1.31818181818182,17.4545454545455,28.6818181818182,4.86363636363636,0.791818181818182,0.0272727281818182,3.04545454545455,5.09090909090909,49.75,-0.300857594545455,0.409090909090909,0,0,0,0,0,1,1,0.954545454545455,78.1295073108709,276.927008333248,479.218931196374,313.62455028733,0.354214413037942,1,1,1,64.238743274507,223.738797407296,266.271244875018,270.247524401642,0.637127578304049,1,1,1,0.816924016741381,30,16,68,213,24.4197366777161,950.513112691141,13,0,0,0,3.9070104636046,"S/C Mbiza","MW2012C3030314",86.2818783096892,273.525991030256,406.672639465289,293.938087267131,0.272255202676227,1,1,1,0.835546528138615,37,24.6666666666667,0,0,213,24.3661961419668,0,1,0,0,0,0,0,0,0,1,0,0,0,0,0,0
30306087,2013,0,0.4,0,0.5,0,0,0.45,0.25,0,0,0.65,0.35,0,0.4,4.2,7,47.75,1.45,17.05,21.55,10.4,0.54,0.540000018,4.2,5.4,53.725,-0.300857442,0.35,0,0,0,0,0,1.1,1.05,0.85,76.8798404761905,141.068457384475,188.890181764488,217.270368362815,0.400538461538462,1,1,1,81.0477389050346,86.1782900051191,125.339364718965,118.22552597319,0.369448717948718,1,1,1,0.846298218714381,67,30,67,212,25.0191919604378,831.914641698201,30,1,0,0,3.98387844252857,"Mlumbe","MW2012C3030306",62.918877569826,142.690327438959,201.382589578541,178.703234014201,0.41306684981685,1,1,1,0.882534597554238,59,26,0,0.5,212.5,24.7194643190769,0,0,1,0,0,0,0,0,0,0,1,0,0,0,0,0
30306555,2013,0,0.6875,0.125,0.4375,0,0,0.875,0.129464285714286,0,0,0.75,0.25,0,0.625,4.5,7,41,1.25,6.8125,21.0625,10.125,0.968125,0.5250000175,2.6875,5.625,47.28125,-0.30085689375,0.25,0,0,0,0,0,1,1,0.9375,48.9579146634615,144.312197493442,213.874997392594,140.136099665588,0.425595238095238,1,1,1,74.6803262435349,161.738095261394,197.413478731773,149.315613887584,0.647321428571429,1,1,1,0.918770976394096,51,22,68,213,24.4197366777161,950.513112691141,13,0,0,0,3.85611381098863,"Mlumbe","MW2012C3030314",62.918877569826,142.690327438959,201.382589578541,178.703234014201,0.41306684981685,1,1,1,0.882534597554238,59,26,0,0.5,212.5,24.7194643190769,0,0,1,0,0,0,0,0,0,0,1,0,0,0,0,0
30403444,2013,0.0526315789473684,0.473684210526316,0.0526315789473684,0.684210526315789,0,0,1.21052631578947,0.263157894736842,0,0,0.473684210526316,0.526315789473684,0,0.578947368421053,5.57894736842105,5,44.8947368421053,1.36842105263158,4,27.5789473684211,7,0.847894736842105,0.568421071578947,8.05263157894737,6.31578947368421,62.2368421052632,-0.110127293157895,0.526315789473684,0,0,0,0,0,1,1,0.947368421052632,81.6388690476191,317.690194037356,364.22619595962,385.309511073048,0.233538391433128,1,1,1,90.3509202532585,262.560139899841,387.281501590298,270.671244921549,0.487506645401382,1,1,1,0.834633248520431,65,14,65,213,23.9761524325805,845.350452852249,14,0,0,0,4.13094714119965,"Kadewere","MW2012C3030404",81.6388690476191,317.690194037356,364.22619595962,385.309511073048,0.233538391433128,1,1,1,0.834633248520431,65,14,0,0,213,23.9761524325805,0,1,0,0,0,0,0,0,1,0,0,0,0,0,0,0
30406710,2013,0.0454545454545455,0.318181818181818,0.0909090909090909,0.409090909090909,0,0,0.5,0.272727272727273,0,0,0.545454545454545,0.454545454545455,0,0.363636363636364,4.31818181818182,4,39.9090909090909,1.45454545454545,7.63636363636364,26.9545454545455,2.95454545454545,0.882272727272727,0.327272738181818,7.54545454545455,5.72727272727273,51.9318181818182,-0.136135451363636,0.454545454545455,0,0,0,0,0,1.81818181818182,1.04545454545455,0.954545454545455,138.138765183624,197.765678091918,326.863143398587,208.321163555068,0.284099517227032,1,1,1,140.813584461774,99.3689670707751,199.042117756133,198.573914169615,0.511445612977653,1,1,1,0.827988058965486,30,16,68,213,24.4197366777161,950.513112691141,13,0,0,0,3.94993166941004,"Nchema","MW2012C3030314",138.138765183624,197.765678091918,326.863143398587,208.321163555068,0.284099517227032,1,1,1,0.827988058965486,30,16,0,0,213,24.4197366777161,0,0,0,0,0,0,0,1,0,0,0,0,0,0,0,0
30501383,2013,0,0.428571428571429,0,0.285714285714286,0,0,0.5,0.285714285714286,0,0,0.357142857142857,0.642857142857143,0,0.428571428571429,4.5,6,42.1428571428571,1.35714285714286,2.57142857142857,12.7142857142857,8.21428571428571,0.786428571428571,0.60000002,2.85714285714286,5.57142857142857,50.25,-0.300857347142857,0.642857142857143,0,0,0,0,0,1,1,1,87.765,138.581047440781,195.108048331521,182.298785317763,0,1,1,1,86.3958487033751,123.752306795974,96.2909002976184,100.050274035497,1,1,1,1,0.743655516329986,67,30,67,213,24.535200221102,763.584629524838,30,0,0,0,3.91701054693918,"Kapeni","MW2012C3030514",87.765,138.581047440781,195.108048331521,182.298785317763,0,1,1,1,0.743655516329986,67,30,0,0,213,24.535200221102,0,1,0,0,0,0,0,0,0,1,0,0,0,0,0,0
30502456,2013,0,0.619047619047619,0,0.380952380952381,0,0,0.761904761904762,0.0476190476190476,0,0.0476190476190476,0.857142857142857,0.142857142857143,0,0.619047619047619,5.04761904761905,7,41.6666666666667,1.19047619047619,5.95238095238095,30.7619047619048,4,0.656190476190476,0.514285731428571,6.85714285714286,5.57142857142857,51.4761904761905,-0.300857533809524,0.142857142857143,0,0,0.0476190476190476,0,0,1.14285714285714,1.0952380952381,1,75.5979225172893,211.733840324668,314.266690823637,132.268259585182,0.272486772486772,1,1,1,63.206187016635,148.209473836116,273.828030984365,162.48220747554,0.82010582010582,1,1,1,0.859656377558213,51,22,40,207,25.1406081508583,726.797895034154,22,6,0,0,3.94111937991579,"Lundu","MW2012C3030506",88.3134234687364,203.849524319841,271.141500853277,174.152717054375,0.263883976012122,1,1,1,0.771592501950954,58.5,22.5,19.7023445610158,21,192,25.4959405603543,0,0,1,0,0,0,0,0,0,0,1,0,0,0,0,0
30503685,2013,0.0526315789473684,0.631578947368421,0.105263157894737,0.578947368421053,0,0.0526315789473684,1.42105263157895,0.263157894736842,0,0,0.684210526315789,0.315789473684211,0,0.684210526315789,5.68421052631579,7,51.1052631578947,1.26315789473684,3.26315789473684,42.1052631578947,5.52631578947368,0.587368421052632,0.536842123157895,5.63157894736842,5.52631578947368,53.7631578947368,-0.110126973157895,0.315789473684211,0,0.0526315789473684,0,0,0.0526315789473684,1.05263157894737,1.05263157894737,0.894736842105263,84.642059962406,261.068777451532,409.678530351202,260.817651815904,0.296162647421229,1,1,1,66.7785844343312,86.4199849536388,132.685496453973,96.4329525304892,0.678665727864812,1,1,1,0.746263339812606,67,22,40,207,25.1406081508583,726.797895034154,22,6,0,0,3.98458843509124,"Chigaru","MW2012C3030506",84.642059962406,261.068777451532,409.678530351202,260.817651815904,0.296162647421229,1,1,1,0.746263339812606,67,22,0,6,207,25.1406081508583,0,0,1,0,0,0,0,0,0,0,1,0,0,0,0,0
30504518,2013,0,0.105263157894737,0.105263157894737,0.263157894736842,0,0,0.736842105263158,0.210526315789474,0,0,0.789473684210526,0.210526315789474,0,0.631578947368421,3.57894736842105,4,45.3684210526316,1.31578947368421,18.8421052631579,19.5789473684211,8.1578947368421,0.603684210526316,0.60000002,3.52631578947368,5.26315789473684,49.6315789473684,-0.300856498421053,0.210526315789474,0,0,0,0,0,2,1,1,123.353333333333,136.703996011962,183.235750429149,166.133909373411,0.25,1,1,1,84.9144431635802,124.857196072521,293.884533452232,126.53643429615,1,1,1,1,0.688688074836519,68,30,40,207,25.1406081508583,726.797895034154,22,6,0,0,3.90462730346702,"Kunthembwe","MW2012C3030506",123.353333333333,136.703996011962,183.235750429149,166.133909373411,0.25,1,1,1,0.688688074836519,68,30,0,6,207,25.1406081508583,0,0,0,0,0,0,0,1,0,0,0,0,0,0,0,0
30602235,2013,0.0526315789473684,0.578947368421053,0.105263157894737,0.526315789473684,0.0526315789473684,0,0.842105263157895,0.210526315789474,0,0,0.736842105263158,0.263157894736842,0,0.526315789473684,4.78947368421053,5,40.1052631578947,1.21052631578947,7.63157894736842,56.4736842105263,2.47368421052632,0.720526315789474,0.473684226315789,2.47368421052632,5.78947368421053,54.3684210526316,-0.110127000526316,0.263157894736842,0,0.105263157894737,0.789473684210526,0,0.894736842105263,1,1,0.789473684210526,71.82875,278.403238561181,327.701497459017,374.441002252068,0.238095238095238,1,1,1,67.1004900091235,277.873757869101,258.568738153202,213.920236885668,0.571428571428571,1,1,1,0.820633931877788,65,30,65,211,24.94764015544,808.248656680507,29,2,0,0,3.9957834899532,"Nthache","MW2012C3030613",71.82875,278.403238561181,327.701497459017,374.441002252068,0.238095238095238,1,1,1,0.820633931877788,65,30,0,2,211,24.94764015544,0,1,0,0,0,0,0,0,1,0,0,0,0,0,0,0
30620196,2013,0.1875,0.5,0.5,0.25,0.125,0.0625,1.5625,0.75,0,0,0.125,0.875,0,1,4.375,6,33.625,1.125,0.9375,44.8125,4.6875,0.79625,0.450000015,1.9375,6.3125,61.53125,0.3786211475,0.875,0,0.75,0,0,0.75,1,1.0625,0.1875,86.1545811965812,215.482229527251,350.742389451112,235.425056982335,0.25297619047619,1,1,1,75.7709502543823,175.36657349783,206.679060767383,165.97455991117,0.281845238095238,1,1,1,0.788825696916716,65,33,65,211,24.94764015544,808.248656680507,29,2,0,0,4.1195451758394,"Mwanza Boma","MW2012C3030613",86.1545811965812,215.482229527251,350.742389451112,235.425056982335,0.25297619047619,1,1,1,0.788825696916716,65,33,0,2,211,24.94764015544,0,1,0,0,0,0,0,0,0,1,0,0,0,0,0,0
30703381,2013,0.0555555555555556,0.277777777777778,0.0555555555555556,0.111111111111111,0,0,0.5,0.222222222222222,0,0,0.611111111111111,0.388888888888889,0,0.444444444444444,4.55555555555556,5,46.7222222222222,1.33333333333333,17.2222222222222,48.2777777777778,5.77777777777778,0.869444444444444,0.533333351111111,8.88888888888889,5.33333333333333,40.8333333333333,-0.0995307172222222,0.388888888888889,0,0.0555555555555556,0,0,0.0555555555555556,1,1.22222222222222,0.888888888888889,95.0842895182764,261.713298497733,269.29192808927,187.294518315317,0.287962962962963,1,1,1,87.5720013626227,173.742614153221,181.355750222664,143.115474394776,0.672530864197531,1,1,1,1.04480663482444,65,36,65,211,24.7555050415612,981.79810325124,16,2,0,0,3.70949874131667,"S/C Mbawela","MW2012C3030716",95.0842895182764,261.713298497733,269.29192808927,187.294518315317,0.287962962962963,1,1,1,1.04480663482444,65,36,0,2,211,24.7555050415612,0,1,0,0,0,0,0,0,1,0,0,0,0,0,0,0
30704313,2013,0,0.523809523809524,0.0476190476190476,0.428571428571429,0,0,0.476190476190476,0.333333333333333,0,0.0952380952380952,0.619047619047619,0.380952380952381,0,0.428571428571429,4.28571428571429,5,44.0952380952381,1.23809523809524,10.5238095238095,41.4285714285714,6.19047619047619,0.782857142857143,0.485714301904762,2.14285714285714,5.57142857142857,47.5714285714286,-0.300857218571429,0.380952380952381,0,0,0,0,0,1,1,0.904761904761905,102.75814143573,183.09318816479,276.541558362459,227.450784841799,0.303849745026216,1,1,1,85.0685909127047,128.80899108583,153.443453013338,150.238253314983,0.724908424908425,1,1,1,1.00110355271363,65,43,65,211,24.7555050415612,981.79810325124,16,2,0,0,3.86223234092513,"Changata","MW2012C3030716",102.75814143573,183.09318816479,276.541558362459,227.450784841799,0.303849745026216,1,1,1,1.00110355271363,65,43,0,2,211,24.7555050415612,0,1,0,0,0,0,0,0,1,0,0,0,0,0,0,0
30705391,2013,0.0555555555555556,0.611111111111111,0.0555555555555556,0.222222222222222,0,0,0.722222222222222,0.555555555555556,0,0,0.277777777777778,0.722222222222222,0,0.444444444444444,3.83333333333333,6,41.6666666666667,1.22222222222222,5.55555555555556,34.5,7.33333333333333,0.915,0.533333351111111,3.5,5.88888888888889,52.5555555555556,-0.0995310155555555,0.722222222222222,0,0,0,0,0,1,1,1,89.0579118350379,257.299208290481,438.267397433876,551.974524995214,0.541666666666667,1,1,1,87.5359391841689,194.762406243626,273.647452374788,163.699497874913,0.555555555555556,1,1,1,0.997595227865228,66,23,65,211,24.7555050415612,981.79810325124,16,2,0,0,3.96187081115571,"S/C Mphuka","MW2012C3030716",89.0579118350379,257.299208290481,438.267397433876,551.974524995214,0.541666666666667,1,1,1,0.997595227865228,66,23,0,2,211,24.7555050415612,0,1,0,0,0,0,0,0,0,1,0,0,0,0,0,0
30706619,2013,0.157894736842105,0.526315789473684,0.263157894736842,0.315789473684211,0,0,1.57894736842105,0.473684210526316,0,0,0.315789473684211,0.684210526315789,0,0.789473684210526,4.63157894736842,6,41.7894736842105,1.26315789473684,8.36842105263158,35.8947368421053,6.47368421052632,0.861578947368421,0.473684226315789,4.05263157894737,6.10526315789474,56.3157894736842,0.271334078947368,0.684210526315789,0,0,0,0,0,1,1,0.842105263157895,87.5978263841422,325.596673240906,379.690979443907,231.690577349327,0.414304993252362,1,1,1,74.7806959145737,103.810165688361,171.208460875389,103.33091335986,0.556496135443504,1,1,1,1.04507140818617,65,43,65,211,24.7555050415612,981.79810325124,16,2,0,0,4.03097494828951,"S/C Kwethemule","MW2012C3030716",87.5978263841422,325.596673240906,379.690979443907,231.690577349327,0.414304993252362,1,1,1,1.04507140818617,65,43,0,2,211,24.7555050415612,0,1,0,0,0,0,0,0,0,1,0,0,0,0,0,0
30708665,2013,0.0555555555555556,0.444444444444444,0.166666666666667,0.333333333333333,0,0,0.555555555555556,0.166666666666667,0,0,0.5,0.5,0,0.444444444444444,5.16666666666667,4,36,1.11111111111111,1.66666666666667,43.8333333333333,8.61111111111111,0.73,0.500000016666667,10.1666666666667,6.16666666666667,59.8611111111111,-0.0995303133333333,0.5,0,0.0555555555555556,0,0,0.0555555555555556,1.72222222222222,1,1,137.059228395062,256.141516976927,374.689251992395,403.509890662481,0.327214170692432,1,1,1,127.253720285637,188.487352257085,287.218384357686,326.118313412894,0.548651368760064,1,1,1,0.980236845945095,66,36,65,211,24.7555050415612,981.79810325124,16,2,0,0,4.09202706408174,"Nchilamwela","MW2012C3030716",137.059228395062,256.141516976927,374.689251992395,403.509890662481,0.327214170692432,1,1,1,0.980236845945095,66,36,0,2,211,24.7555050415612,0,0,0,0,0,0,0,1,0,0,0,0,0,0,0,0
30711684,2013,0,0.473684210526316,0.0526315789473684,0.105263157894737,0,0,0.473684210526316,0.210526315789474,0,0,0.526315789473684,0.473684210526316,0,0.263157894736842,4.10526315789474,4,43.8421052631579,1.21052631578947,5.42105263157895,24.5263157894737,3.68421052631579,0.583157894736842,0.60000002,4,5.36842105263158,48.5526315789474,-0.300856978947368,0.473684210526316,0,0,0,0,0,1.57894736842105,1,1,108.119694709464,45.8264097123096,224.318034090086,137.599258333974,0.398496240601504,1,1,1,85.1944321955178,219.449127649818,145.278576026365,501.699448220611,1,1,1,1,0.802752206899207,66,23,65,211,24.7555050415612,981.79810325124,16,2,0,0,3.88264839674824,"Thomas","MW2012C3030716",108.119694709464,45.8264097123096,224.318034090086,137.599258333974,0.398496240601504,1,1,1,0.802752206899207,66,23,0,2,211,24.7555050415612,0,0,0,0,0,0,0,1,0,0,0,0,0,0,0,0
30801672,2013,0,0.4375,0,0.5,0,0,0.25,0.125,0,0.0625,0.8125,0.1875,0,0.1875,5.8125,6,48.1875,1.3125,13.6875,52.3125,11.125,0.581875,0.60000002,6.1875,5.5625,43.875,-0.30085747,0.1875,0,0,0,0,0,1,1,0.9375,70.4901636904762,118.586207270304,197.78809337532,140.476919041535,0.1421875,1,1,1,86.6326908168073,129.06207210758,298.215223443993,136.486467262328,0.53125,1,1,1,1.07461004300732,66,35,65,213,23.7691924619003,949.473690606452,14,0,0,0,3.78134468178603,"Mabuka","MW2012C3030804",78.8913057293786,209.408880337256,276.041122330137,290.496270588931,0.331849806808688,1,1,1,1.16293502221708,65.5,35,0,0,213,23.5619871327575,0,1,0,0,0,0,0,0,0,1,0,0,0,0,0,0
30803115,2013,0,0.380952380952381,0,0.666666666666667,0,0,0.428571428571429,0.0952380952380952,0,0.0476190476190476,0.666666666666667,0.333333333333333,0,0.380952380952381,4.47619047619048,5,38.5238095238095,1.42857142857143,4.14285714285714,47.5238095238095,8.38095238095238,0.720952380952381,0.57142859047619,10.7142857142857,5.42857142857143,45.9047619047619,-0.300857517142857,0.333333333333333,0,0,0,0,0,1,1,0.952380952380952,93.9732142857143,168.375770074678,315.414391016994,198.163006350694,0.533333333333333,1,1,1,79.3697912997515,96.8169612455219,144.84150776813,552.349004350851,1,1,1,1,0.980711683579386,65,22,65,213,23.7691924619003,949.473690606452,14,0,0,0,3.82656885688712,"Chikumbu","MW2012C3030804",93.9732142857143,168.375770074678,315.414391016994,198.163006350694,0.533333333333333,1,1,1,0.980711683579386,65,22,0,0,213,23.7691924619003,0,1,0,0,0,0,0,0,1,0,0,0,0,0,0,0
30804416,2013,0.238095238095238,0.619047619047619,0.238095238095238,0.476190476190476,0,0.0476190476190476,1.14285714285714,0.666666666666667,0,0,0.0952380952380952,0.904761904761905,0,0.666666666666667,4.33333333333333,5,45.2857142857143,1.28571428571429,1,36.1428571428571,3.47619047619048,0.770952380952381,0.514285731428571,2.52380952380952,6.19047619047619,56.4285714285714,0.561970035714286,0.904761904761905,0,0,0,0,0,1,1,0.80952380952381,80.4735779564351,208.068372573406,346.908712899114,201.516235089196,0.377928949357521,1,1,1,87.9595695525156,111.29199413748,179.445273216245,160.496255480099,0.91609977324263,1,1,1,0.948241366137936,65,22,65,213,23.7691924619003,949.473690606452,14,0,0,0,4.03297561584581,"Nthiramanja","MW2012C3030804",80.4735779564351,208.068372573406,346.908712899114,201.516235089196,0.377928949357521,1,1,1,0.948241366137936,65,22,0,0,213,23.7691924619003,0,1,0,0,0,0,0,0,1,0,0,0,0,0,0,0
30805259,2013,0,0.444444444444444,0,0.444444444444444,0,0,0.388888888888889,0.111111111111111,0,0.0555555555555556,0.611111111111111,0.388888888888889,0,0.222222222222222,4.55555555555556,7,36.5,1.33333333333333,4.22222222222222,47.0555555555556,13.8333333333333,0.795555555555556,0.60000002,16.2777777777778,5.33333333333333,47.4444444444444,-0.300857443888889,0.388888888888889,0,0,0.0555555555555556,0,0.0555555555555556,1,1,0.944444444444444,62.6010138888889,159.933361233978,219.055153298931,225.757506243085,0.491452991452991,1,1,1,83.4344447440683,170.461190678652,158.194821085872,229.062725470746,0.709401709401709,1,1,1,1.11660839197824,65,16,65,213,23.7691924619003,949.473690606452,14,0,0,0,3.85955943589241,"Nkanda","MW2012C3030804",62.6010138888889,159.933361233978,219.055153298931,225.757506243085,0.491452991452991,1,1,1,1.11660839197824,65,16,0,0,213,23.7691924619003,0,0,1,0,0,0,0,0,0,0,1,0,0,0,0,0
30806611,2013,0,0.625,0,0.8125,0,0,0.1875,0.1875,0,0,0.625,0.375,0,0.1875,4.875,4,44.125,1.375,9.1875,42.875,8.125,0.710625,0.5250000175,8.5625,5.8125,49.40625,-0.30085777,0.375,0,0,0,0,0,1.9375,1,0.9375,156.014678442029,237.562877428317,348.139403119531,258.188598689458,0.139423076923077,1,1,1,138.853837222586,190.177569663097,251.940857394188,232.210428944723,0.448717948717949,1,1,1,0.831762179392654,48,14,65,213,23.7691924619003,949.473690606452,14,0,0,0,3.90007693440975,"S/C Juma","MW2012C3030804",156.014678442029,237.562877428317,348.139403119531,258.188598689458,0.139423076923077,1,1,1,0.831762179392654,48,14,0,0,213,23.7691924619003,0,0,0,0,0,0,0,1,0,0,0,0,0,0,0,0
31004312,2013,0.0526315789473684,0.473684210526316,0.0526315789473684,0.315789473684211,0.0526315789473684,0,0.736842105263158,0.157894736842105,0,0,0.842105263157895,0.157894736842105,0,0.473684210526316,5.36842105263158,6,46.1578947368421,1.31578947368421,6.57894736842105,32.5263157894737,5.68421052631579,0.360526315789474,0.536842123157895,7.10526315789474,5.73684210526316,51.7368421052632,-0.110127121052632,0.157894736842105,0,0,0,0,0,1,1,1,98.9789051956815,228.951098480248,373.933267096112,448.703573700937,0.365914786967419,1,1,1,102.111551897922,191.310259896313,230.714869809719,184.256768057398,0.982456140350877,1,1,1,0.765276588271844,67,23,65,211,24.7555050415612,981.79810325124,16,2,0,0,3.94617014098073,"Maseya","MW2012C3030716",98.9789051956815,228.951098480248,373.933267096112,448.703573700937,0.365914786967419,1,1,1,0.765276588271844,67,23,0,2,211,24.7555050415612,0,1,0,0,0,0,0,0,0,1,0,0,0,0,0,0
31006556,2013,0,0.619047619047619,0.0952380952380952,0.333333333333333,0,0,0.476190476190476,0.285714285714286,0,0,0.761904761904762,0.238095238095238,0,0.380952380952381,4.52380952380952,6,43.4761904761905,1.28571428571429,13.8095238095238,16.4285714285714,12.9047619047619,0.498095238095238,0.428571442857143,4.52380952380952,5.47619047619048,48.0714285714286,-0.300856960952381,0.238095238095238,0,0,0,0,0,1.04761904761905,1,0.904761904761905,86.8770493197279,215.846284325493,109.37710039233,233.402257753698,0.0232683982683983,1,1,1,86.1422390025606,124.089718298484,76.5090517266526,99.5162288705358,1,1,1,1,0.659383976267458,67,30,40,207,25.1406081508583,726.797895034154,22,6,0,0,3.87268800002947,"Kasisi","MW2012C3030506",86.8770493197279,215.846284325493,109.37710039233,233.402257753698,0.0232683982683983,1,1,1,0.659383976267458,67,30,0,6,207,25.1406081508583,0,1,0,0,0,0,0,0,0,1,0,0,0,0,0,0
31432523,2013,0.0555555555555556,0.611111111111111,0.166666666666667,0.333333333333333,0,0,0.888888888888889,0.388888888888889,0,0,0.444444444444444,0.555555555555556,0,0.611111111111111,4.72222222222222,5,36.8888888888889,1.22222222222222,3.38888888888889,2.94444444444444,4.16666666666667,1.06277777777778,0,4.61111111111111,5.88888888888889,48.9166666666667,-0.0995304338888889,0.555555555555556,0,0,0,0,0,1,1,0.166666666666667,82.5395138005477,98.2967682846733,187.178008757342,165.859145479249,0.688888888888889,1,1,1,96.7005058322462,96.5227436818799,141.822181305758,154.166039571396,0.916666666666667,1,1,1,1.19733236295909,51,13,68,213,24.4197366777161,950.513112691141,13,0,0,0,3.8901181700401,"Mtiya Ward","MW2012C3030314",74.8514944405455,148.388223434191,226.073096204431,193.633041236729,0.5907284419144,1,1,1,1.21058131114746,51,13,0,0,213,24.4197366777161,0,1,0,0,0,0,0,0,1,0,0,0,0,0,0,0
31432676,2013,0.235294117647059,0.529411764705882,0.470588235294118,0.294117647058824,0,0.176470588235294,2.17647058823529,0.882352941176471,0.0588235294117647,0,0.0588235294117647,0.882352941176471,0.0588235294117647,0.941176470588235,4.05882352941176,5,41.3529411764706,1.17647058823529,0.705882352941177,8,2.58823529411765,0.959411764705882,0.0352941188235294,4.11764705882353,6.35294117647059,80.7647058823529,0.551820817647059,0.941176470588235,0,0.0588235294117647,0,0,0.0588235294117647,1,1.05882352941176,0.117647058823529,67.1634750805432,198.479678583709,264.968183651519,221.406936994208,0.492567994939911,1,1,1,93.1504462712927,162.381112411804,196.136949355675,165.646919841106,0.923308032890576,1,1,1,1.22383025933583,51,13,68,213,24.4197366777161,950.513112691141,13,0,0,0,4.39154006171175,"Mtiya Ward","MW2012C3030314",74.8514944405455,148.388223434191,226.073096204431,193.633041236729,0.5907284419144,1,1,1,1.21058131114746,51,13,0,0,213,24.4197366777161,0,1,0,0,0,0,0,0,1,0,0,0,0,0,0,0
31435120,2013,0.0555555555555556,0.611111111111111,0.333333333333333,0.611111111111111,0,0,1.72222222222222,0.555555555555556,0,0,0.388888888888889,0.611111111111111,0,0.833333333333333,4.88888888888889,7,42.3888888888889,1.27777777777778,1.55555555555556,7.27777777777778,5.22222222222222,0.773888888888889,0.533333351111111,3.27777777777778,6.11111111111111,65.25,-0.09952962,0.611111111111111,0,0.0555555555555556,0,0.0555555555555556,0,1,1.11111111111111,0.333333333333333,87.4882634831247,358.943956184824,380.847028560003,371.608480468695,0.256510244605483,1,1,1,76.2903333301056,284.899440344901,300.384186803361,319.346301779694,0.385659883836576,1,1,1,1.19001360368233,51,13,68,213,24.4197366777161,950.513112691141,13,0,0,0,4.1782260462028,"Chikamveka North Ward","MW2012C3030314",75.2277940222641,239.230237016329,281.042134950317,237.879358068042,0.329086147233489,1,1,1,1.142390578109,51,13.5,0,0.5,212.5,24.7494292138328,0,0,1,0,0,0,0,0,0,0,1,0,0,0,0,0
31436695,2013,0.409090909090909,0.681818181818182,0.590909090909091,0.227272727272727,0,0.181818181818182,2.13636363636364,0.636363636363636,0.0909090909090909,0.0454545454545455,0.181818181818182,0.818181818181818,0,0.863636363636364,4.13636363636364,5,40.5909090909091,1.40909090909091,3.36363636363636,11,5.27272727272727,0.924090909090909,0.381818194545455,2.31818181818182,6.5,70.75,1.18163841272727,0.818181818181818,0,0,0.0909090909090909,0,0.0909090909090909,1.68181818181818,2,0.181818181818182,110.667051343407,182.975684447165,226.064255476768,217.933396535045,0.205516903665978,1,1,1,102.011170571632,228.996831792627,235.777388588665,248.163591220838,0.47775174898006,1,1,1,1.09476755253566,51,14,40,213,24.2591150704684,911.881491269821,13,0,0,0,4.25915253652335,"Chirunga East Ward","MW2012C3030304",110.667051343407,182.975684447165,226.064255476768,217.933396535045,0.205516903665978,1,1,1,1.09476755253566,51,14,0,0,213,24.2591150704684,0,1,0,0,0,0,0,0,1,0,0,0,0,0,0,0
31438690,2013,0.0526315789473684,0.368421052631579,0.210526315789474,0.315789473684211,0,0,1.21052631578947,0.473684210526316,0,0,0.263157894736842,0.736842105263158,0,0.736842105263158,3.94736842105263,5,39.9473684210526,1.31578947368421,4.42105263157895,6.78947368421053,2.31578947368421,0.864210526315789,0.347368432631579,3,6.26315789473684,59.0526315789474,-0.11012611,0.736842105263158,0,0,0,0,0,1.05263157894737,2,0.105263157894737,41.0701483466739,220.365402531119,413.669976773918,274.019370965475,0.684210526315789,1,1,1,19.5605536231346,222.220530177428,265.542829005769,266.538494005275,0.789473684210526,1,1,1,1.11701415271533,51,13,40,213,24.2591150704684,911.881491269821,13,0,0,0,4.0784291069162,"Likangala Ward","MW2012C3030304",41.0701483466739,220.365402531119,413.669976773918,274.019370965475,0.684210526315789,1,1,1,1.11701415271533,51,13,0,0,213,24.2591150704684,0,1,0,0,0,0,0,0,1,0,0,0,0,0,0,0
31439102,2013,0.423076923076923,0.5,0.576923076923077,0.307692307692308,0.0384615384615385,0.153846153846154,1.96153846153846,0.692307692307692,0,0,0.115384615384615,0.884615384615385,0,0.884615384615385,4.15384615384615,6,36,1.23076923076923,3.5,6.88461538461539,2.03846153846154,0.896923076923077,0.115384619230769,4,6.38461538461539,68.7692307692308,1.23232185846154,0.884615384615385,0,0.0384615384615385,0,0,0.0384615384615385,1.03846153846154,1.07692307692308,0.230769230769231,90.1943358890843,282.294576555911,436.389683243674,333.706207795411,0.250520006446258,1,1,1,75.4683659119556,200.197857992766,232.894917389574,193.581194520909,0.457513883216254,1,1,1,1.19574270885873,51,13,68,213,24.4197366777161,950.513112691141,13,0,0,0,4.23075641771198,"Zakazaka Ward","MW2012C3030314",90.1943358890843,282.294576555911,436.389683243674,333.706207795411,0.250520006446258,1,1,1,1.19574270885873,51,13,0,0,213,24.4197366777161,0,1,0,0,0,0,0,0,0,1,0,0,0,0,0,0
31441389,2013,0.266666666666667,0.466666666666667,0.466666666666667,0.266666666666667,0,0.0666666666666667,1.93333333333333,1,0,0,0.2,0.8,0,0.866666666666667,4.33333333333333,7,34.8,1.13333333333333,1.6,13.5333333333333,2.66666666666667,0.924,0.0800000026666667,2.66666666666667,6.33333333333333,68.8666666666667,0.665510734,0.8,0,0.0666666666666667,0,0,0.0666666666666667,1,1.06666666666667,0.133333333333333,83.92034,269.132739729412,329.75474948234,339.86645101919,0.233664185277088,1,1,1,76.3473341356622,170.723946554163,185.472915496064,164.109566957317,0.430146126275159,1,1,1,1.19574270885873,51,13,68,213,24.4197366777161,950.513112691141,13,0,0,0,4.23217226801743,"Chambo Ward","MW2012C3030314",83.92034,269.132739729412,329.75474948234,339.86645101919,0.233664185277088,1,1,1,1.19574270885873,51,13,0,0,213,24.4197366777161,0,0,1,0,0,0,0,0,0,0,1,0,0,0,0,0
31442394,2013,0.363636363636364,0.545454545454545,0.590909090909091,0.409090909090909,0,0.0454545454545455,2.22727272727273,0.772727272727273,0,0,0.0454545454545455,0.954545454545455,0,0.909090909090909,4.68181818181818,8,41.1363636363636,1.22727272727273,2.27272727272727,11.5454545454545,4.22727272727273,0.904545454545455,0.218181825454545,2.27272727272727,6.40909090909091,69.6363636363636,1.01691686454545,0.954545454545455,0,0.0454545454545455,0,0,0.0454545454545455,1.13636363636364,1.27272727272727,0.181818181818182,90.6547580912144,334.715055812914,274.643670100245,258.91574679658,0.349837662337662,1,1,1,75.4687213539947,267.891868042417,209.926572089089,227.041575038869,0.551136363636364,1,1,1,1.19733236295909,51,13,68,213,24.4197366777161,950.513112691141,13,0,0,0,4.24328689694222,"Sadzi Ward","MW2012C3030314",90.6547580912144,334.715055812914,274.643670100245,258.91574679658,0.349837662337662,1,1,1,1.19733236295909,51,13,0,0,213,24.4197366777161,0,0,1,0,0,0,0,0,0,0,0,1,0,0,0,0
31443108,2013,0.318181818181818,0.5,0.454545454545455,0.181818181818182,0.0454545454545455,0,1.81818181818182,0.681818181818182,0,0,0.181818181818182,0.818181818181818,0,0.863636363636364,4.18181818181818,5,34.5454545454545,1.36363636363636,4.04545454545455,14.0454545454545,2.77272727272727,0.918181818181818,0.354545466363636,5.90909090909091,6.27272727272727,69.3863636363636,0.852194778181818,0.818181818181818,0,0,0,0,0.0454545454545455,1,1,0.181818181818182,93.6317625670392,172.203620830002,190.224025698884,157.937956584474,0.300620352534228,1,1,1,93.5957813951669,257.082811863497,206.938255831749,226.841066330654,0.625676211481036,1,1,1,1.19001360368233,51,13,68,213,24.4197366777161,950.513112691141,13,0,0,0,4.23969035881662,"Likangala Central Ward","MW2012C3030314",89.559816054812,284.756486112494,304.380728462213,253.155609740038,0.231705525104323,1,1,1,1.15351387819883,51,13,0,0,213,24.3394258740922,0,1,0,0,0,0,0,0,1,0,0,0,0,0,0,0
31443270,2013,0.210526315789474,0.684210526315789,0.315789473684211,0.315789473684211,0,0.0526315789473684,1.73684210526316,0.473684210526316,0,0,0.315789473684211,0.684210526315789,0,0.842105263157895,4.31578947368421,5,34.6842105263158,1.15789473684211,2.26315789473684,4,2.57894736842105,0.896315789473684,0.410526329473684,1.52631578947368,6.63157894736842,64.7631578947368,0.462064339473684,0.684210526315789,0,0,0,0,0,1.05263157894737,2,0.0526315789473684,85.4878695425849,397.309351394985,418.537431225543,348.373262895602,0.162790697674419,1,1,1,85.0685929706174,217.288313561123,255.618090079089,242.910355243534,0.625458996328029,1,1,1,1.11701415271533,51,13,40,213,24.2591150704684,911.881491269821,13,0,0,0,4.17073689066467,"Likangala Central Ward","MW2012C3030304",89.559816054812,284.756486112494,304.380728462213,253.155609740038,0.231705525104323,1,1,1,1.15351387819883,51,13,0,0,213,24.3394258740922,0,1,0,0,0,0,0,0,1,0,0,0,0,0,0,0
31552686,2013,0.894736842105263,0.684210526315789,0.947368421052632,0.263157894736842,0,0.473684210526316,3.05263157894737,0.947368421052632,0.0526315789473684,0,0.0526315789473684,0.789473684210526,0.157894736842105,1,4.10526315789474,7,42.7368421052632,1.26315789473684,1.89473684210526,9.52631578947368,5.10526315789474,0.968421052631579,0,0,6.78947368421053,79.0789473684211,2.94155855526316,0.947368421052632,0,0,0,0,0,1,1.10526315789474,0.105263157894737,100.317575657895,223.467908102548,683.525124393564,283.50853017563,0.414673046251994,1,1,1,73.2042571730385,52.4690521515842,155.617938551017,185.574815173049,0.831578947368421,1,1,1,0.803484631761048,66,30,67,213,24.535200221102,763.584629524838,30,0,0,0,4.37044668724292,"Soche West Ward","MW2012C3030514",100.317575657895,223.467908102548,683.525124393564,283.50853017563,0.414673046251994,1,1,1,0.803484631761048,66,30,0,0,213,24.535200221102,0,0,1,0,0,0,0,0,0,0,1,0,0,0,0,0
31554613,2013,0.0526315789473684,0.368421052631579,0.210526315789474,0.315789473684211,0,0,1.26315789473684,0.473684210526316,0,0.0526315789473684,0.210526315789474,0.789473684210526,0,0.631578947368421,4.78947368421053,4,35.9473684210526,1.15789473684211,2.05263157894737,11,5,1.08157894736842,0.126315793684211,8.26315789473684,5.68421052631579,49.2894736842105,-0.110126109473684,0.789473684210526,0,0,0,0,0,1.84210526315789,1,0.157894736842105,118.635112122411,143.7921320361,204.124275300829,160.874635424121,0.281258806686882,1,1,1,123.623233912186,238.452840366582,329.124934136312,199.385614429212,0.484556593883509,1,1,1,0.838744207008396,66,30,67,213,24.535200221102,763.584629524838,30,0,0,0,3.8977105427177,"Misesa Ward","MW2012C3030514",118.635112122411,143.7921320361,204.124275300829,160.874635424121,0.281258806686882,1,1,1,0.838744207008396,66,30,0,0,213,24.535200221102,0,0,0,0,0,0,0,1,0,0,0,0,0,0,0,0
31555614,2013,0.0625,0.4375,0.125,0.375,0,0,1,0.6875,0,0,0.125,0.875,0,0.75,4.9375,5,41.3125,1.125,2.0625,16,3.5,1.069375,0.03750000125,4.125,6.125,61.25,-0.074364809375,0.875,0,0,0,0,0,1,1.125,0.125,81.3007552083333,205.98708593554,364.935588703205,269.166044578831,0.436147186147186,1,1,1,126.736396749311,218.406670777522,322.845136755785,142.186416459228,0.931051587301587,1,1,1,0.858334482461151,66,30,67,213,24.535200221102,763.584629524838,30,0,0,0,4.11496384942484,"Chigula Ward","MW2012C3030514",81.3007552083333,205.98708593554,364.935588703205,269.166044578831,0.436147186147186,1,1,1,0.858334482461151,66,30,0,0,213,24.535200221102,0,1,0,0,0,0,0,0,1,0,0,0,0,0,0,0
